STATE,DISTRICT,ASSESSMENT_UNIT,Rainfall_mm,Recharge_Worthy_Area_Command_ha,Recharge_Worthy_Area_Total_ha,Hilly_Area_ha,Total_Geographical_Area_ha,Annual_Ground_Water_Recharge_ham,Environmental_Flows_ham,Annual_Extractable_Ground_Water_Resource_ham,Extraction_Domestic_ham,Extraction_Industrial_ham,Extraction_Irrigation_ham,Total_Ground_Water_Extraction_ham,Stage_of_Ground_Water_Extraction_pct,Allocation_Domestic_2025_ham,Net_GW_Availability_Future_Use_ham,Major_Quality_Parameters,Other_Quality_Parameters
Andaman And Nicobar Islands,N & M Andaman,District Summary,2964.5,0.0,58040.0,286106.0,344146.0,16167.74,1616.78,14550.96,260.27,48.18,0.8,309.25,2.12,269.19,14232.79,,
Andaman And Nicobar Islands,Nicobar,District Summary,2805.2,0.0,38075.0,156091.0,194166.0,11360.78,1136.09,10224.69,90.82,0.94,0.25,91.97,0.9,90.68,9819.29,,
Andaman And Nicobar Islands,South Andaman,District Summary,3015.7,0.0,31524.0,215321.0,246845.0,10797.72,1079.76,9717.96,320.65,13.61,10.65,344.9,3.55,331.62,9362.08,,
Andhra Pradesh,Alluri Sitharama Raju,District Summary,1269.64,0.0,639234.68,586107.71,1225342.39,105489.92,5274.94,100214.98,1620.46,0.0,571.9,2192.75,2.88,1991.96,97951.9,,
Andhra Pradesh,Anakapalli,District Summary,1182.6,70958.5,346201.66,83043.41,429245.07,77425.04,3871.52,73553.52,4863.49,484.0,15997.94,21345.52,29.15,6816.58,50853.78,,
Andhra Pradesh,Ananthapuramu,District Summary,518.88,243887.0,946479.33,97831.67,1044311.0,124046.54,6202.42,117844.11,3676.5,727.29,36968.8,41372.76,35.11,4765.42,76916.47,,
Andhra Pradesh,Annamayya,District Summary,746.1,112199.0,666066.0,128462.0,794528.0,87981.57,4399.2,83582.36,3665.64,137.75,30553.29,34356.66,41.14,4838.38,48488.91,,
Andhra Pradesh,Bapatla,District Summary,871.92,238962.0,380118.0,2767.0,382885.0,103482.92,5174.22,98308.7,2649.15,59.59,15501.57,18210.26,26.54,2697.87,50041.14,,
Andhra Pradesh,Chittoor,District Summary,905.84,3079.0,600450.95,85448.05,685899.0,86725.96,4336.53,82389.44,4285.08,1389.98,41529.34,47204.3,57.21,5924.5,35172.28,,
Andhra Pradesh,East Godavari,District Summary,1144.03,127679.43,254552.81,3081.92,257634.73,110086.66,5504.46,104582.2,2236.7,1216.72,31755.44,35208.88,33.66,2529.16,70306.65,,
Andhra Pradesh,Eluru,District Summary,1041.25,135041.41,649190.07,10631.8,659821.87,186439.22,9322.14,177117.14,10196.62,516.96,37031.2,47744.44,31.16,11722.64,107873.1,,
Andhra Pradesh,Guntur,District Summary,885.95,155474.66,242332.86,2971.0,245303.86,66022.3,3301.1,62721.2,2577.71,224.22,7898.14,10700.03,20.78,2926.49,40267.75,,
Andhra Pradesh,Kakinada,District Summary,1128.67,169714.77,288520.5,13458.87,301979.37,142987.34,7149.62,135938.24,2141.4,4177.47,14942.56,21261.29,16.44,2095.86,90045.95,,
Andhra Pradesh,Konaseema,District Summary,1293.96,132007.21,207995.28,100.62,208095.9,142820.94,7141.21,135679.73,1301.36,54.46,9363.56,10719.47,10.22,1447.64,93640.88,,
Andhra Pradesh,Krishna,District Summary,1053.84,193506.0,388056.0,0.0,388056.0,222987.31,11149.5,211837.8,2255.28,1023.24,45010.16,48288.52,30.83,2765.38,106367.58,,
Andhra Pradesh,Kurnool,District Summary,610.15,208257.0,752247.0,45494.0,797741.0,67763.8,3388.4,64375.4,5559.81,71.27,14034.0,19665.24,30.54,6010.54,44607.54,,
Andhra Pradesh,Nandyal,District Summary,716.04,367930.0,706182.0,262433.0,968615.0,94298.66,4715.1,89583.56,505.41,128.4,12189.72,12822.94,14.56,505.86,76760.62,,
Andhra Pradesh,Ntr,District Summary,1032.76,289249.6,306318.6,11805.4,318124.0,68781.92,3439.14,65342.78,2436.12,1176.12,20717.34,24329.56,37.35,2513.9,41119.99,,
Andhra Pradesh,Palnadu,District Summary,758.28,434050.96,651656.42,78467.43,730123.86,108698.13,5435.04,103263.1,4500.83,65.96,30525.5,35092.45,33.92,4611.76,69660.24,,
Andhra Pradesh,Parvathipuram Manyam,District Summary,1168.07,63377.6,294881.43,119994.82,414876.25,92673.96,4633.9,88040.06,1766.88,12.96,20371.8,22151.44,25.16,2353.56,67067.89,,
Andhra Pradesh,Prakasam,District Summary,790.54,283786.5,1134709.5,293851.0,1428560.5,101362.13,5068.34,96293.79,4857.77,509.78,42126.48,47494.44,50.11,5196.94,55311.78,,
Andhra Pradesh,Sri Potti Sriramulu Nellore,District Summary,1040.05,345599.42,995326.32,50358.29,1045684.61,193663.94,9683.54,183980.4,5738.52,1046.6,37227.37,44012.81,23.93,7556.65,140503.21,,
Andhra Pradesh,Sri Sathya Sai,District Summary,589.84,0.0,763624.0,105065.0,868689.0,122626.64,6131.51,116495.12,8909.36,134.51,59702.62,68746.54,59.05,11923.3,54987.98,,
Andhra Pradesh,Srikakulam,District Summary,1170.33,115519.72,448389.45,10898.0,459287.45,117359.71,5868.3,111491.39,7104.09,369.91,32153.2,39626.94,35.88,10388.46,75656.8,,
Andhra Pradesh,Tirupathi,District Summary,1102.46,53098.0,762531.18,60409.0,822940.18,170441.42,8522.34,161919.08,3811.39,1506.09,49325.78,54643.26,35.67,9695.9,98709.24,,
Andhra Pradesh,Visakhapatnam,District Summary,1209.76,0.0,100167.25,0.0,100167.25,12846.93,642.33,12204.6,2472.6,54.5,2886.88,5413.98,44.37,3669.56,6055.44,,
Andhra Pradesh,Vizianagaram,District Summary,1109.88,114339.94,401179.07,11740.65,412919.72,143183.23,7159.38,136023.79,1841.28,112.71,34539.66,36493.65,26.84,1841.28,101729.26,,
Andhra Pradesh,West Godavari,District Summary,1166.18,52492.31,227837.0,0.0,227837.0,143341.8,7167.22,136174.58,858.69,170.4,4135.88,5164.61,9.13,1162.59,46122.06,,
Andhra Pradesh,Y.S.R Kadapa,District Summary,685.42,582867.99,880807.99,241810.0,1122617.99,107447.97,5372.54,102075.42,8715.22,429.1,30972.05,40116.51,39.3,8715.24,63483.52,,
Arunachal Pradesh,Anjaw,District Summary,0.0,0.0,0.0,619000.0,619000.0,0.0,0.0,0.0,0.0,0.0,0.0,0.0,0.0,0.0,0.0,,
Arunachal Pradesh,Changlang,District Summary,2411.2,0.0,53000.0,413200.0,466200.0,32360.5,3236.06,29124.44,181.5,0.0,64.8,246.3,0.85,207.0,28852.64,,
Arunachal Pradesh,Dibang Valley,District Summary,0.0,0.0,0.0,912900.0,912900.0,0.0,0.0,0.0,0.0,0.0,0.0,0.0,0.0,0.0,0.0,,
Arunachal Pradesh,East Kameng,District Summary,2081.2,0.0,31250.0,382150.0,413400.0,17865.26,1786.52,16078.74,14.54,0.0,94.1,108.64,0.68,19.88,15964.76,,
Arunachal Pradesh,East Siang,District Summary,4408.7,0.0,110100.0,250200.0,360300.0,83275.26,7998.07,75277.19,64.04,4.2,110.42,178.64,0.24,70.37,75092.21,,
Arunachal Pradesh,Kurung Kumey,District Summary,0.0,0.0,0.0,604000.0,604000.0,0.0,0.0,0.0,0.0,0.0,0.0,0.0,0.0,0.0,0.0,,
Arunachal Pradesh,Lohit,District Summary,3000.85,0.0,200000.0,321200.0,521200.0,122279.66,12305.89,109973.76,229.42,8.4,34.36,272.17,0.24,258.27,109672.74,,
Arunachal Pradesh,Lower Dibang Valley,District Summary,3751.55,0.0,120000.0,270000.0,390000.0,79417.98,7941.8,71476.18,31.52,0.0,216.5,248.02,0.35,33.09,71226.58,,
Arunachal Pradesh,Lower Subansiri,District Summary,1790.65,0.0,10135.0,340665.0,350800.0,5574.06,577.28,4996.79,22.62,0.0,16.83,39.45,0.8,34.91,4945.04,,
Arunachal Pradesh,Papum Pare,District Summary,3268.2,0.0,17819.0,328381.0,346200.0,11162.6,1316.27,9846.33,106.54,25.29,15.36,147.2,1.5,156.94,9648.74,,
Arunachal Pradesh,Tawang,District Summary,0.0,0.0,0.0,217200.0,217200.0,0.0,0.0,0.0,0.0,0.0,0.0,0.0,0.0,0.0,0.0,,
Arunachal Pradesh,Tirap,District Summary,3183.35,0.0,12500.0,223700.0,236200.0,9402.62,940.26,8462.36,49.04,0.0,6.25,55.29,0.66,53.13,8402.98,,
Arunachal Pradesh,Upper Siang,District Summary,0.0,0.0,0.0,659000.0,659000.0,0.0,0.0,0.0,0.0,0.0,0.0,0.0,0.0,0.0,0.0,,
Arunachal Pradesh,Upper Subansiri,District Summary,1740.95,0.0,700.0,702500.0,703200.0,2725.67,272.57,2453.1,3.68,0.9,16.64,21.22,0.86,5.8,2429.76,,
Arunachal Pradesh,West Kameng,District Summary,2455.05,0.0,6175.0,736025.0,742200.0,3424.36,342.42,3081.94,11.46,0.0,1.64,13.1,0.42,12.51,3067.8,,
Arunachal Pradesh,West Siang,District Summary,2902.4,0.0,10459.0,822041.0,832500.0,7162.12,716.21,6445.92,2.36,1.18,4.29,7.83,0.12,2.5,6437.94,,
Assam,Baksa,District Summary,3274.6,0.0,244873.01,1382.99,246256.0,140738.49,13811.34,126927.15,2004.71,3.16,2509.65,4517.53,3.56,2157.74,122256.59,,
Assam,Barpeta,District Summary,2051.45,0.0,227056.25,1143.75,228200.0,88221.96,7545.98,80675.98,4024.06,16.43,27855.36,31895.86,39.42,4717.23,48086.94,,
Assam,Bongaigaon,District Summary,3102.4,0.0,99730.0,9570.0,109300.0,50876.24,5510.1,45366.15,1689.16,6.8,12257.23,13953.19,30.82,1965.87,31136.26,,
Assam,Cachar,District Summary,3311.9,0.0,273358.0,105242.0,378600.0,52457.66,9177.08,43280.58,1424.66,30.77,1.68,1440.87,3.33,1652.4,41611.99,,
Assam,Chirang,District Summary,3218.7,0.0,191794.0,506.0,192300.0,99214.52,10098.62,89115.9,950.87,5.2,1491.6,2447.65,2.76,1027.96,86591.16,,
Assam,Darrang,District Summary,1951.2,0.0,157654.0,846.0,158500.0,55807.97,4992.57,50815.4,2131.4,58.34,18988.2,21177.94,41.9,2515.11,29253.76,,
Assam,Dhemaji,District Summary,2859.3,0.0,315155.99,8544.01,323700.0,107380.73,13959.92,93420.8,1522.09,7.07,2935.04,4464.21,4.78,1762.1,88716.58,,
Assam,Dhubri,District Summary,2752.8,0.0,214392.01,3207.99,217600.0,104041.72,10031.76,94009.95,4708.04,28.3,23179.2,27915.54,29.74,5667.46,65134.99,,
Assam,Dibrugarh,District Summary,2649.4,0.0,334688.0,3412.0,338100.0,132311.9,14372.29,117939.62,2703.85,84.34,3902.89,6691.06,5.62,2935.6,111016.79,,
Assam,Dima Hasao,District Summary,2791.8,0.0,234300.0,254500.0,488800.0,62895.0,6289.5,56605.5,237.76,1.19,189.6,428.54,0.76,261.92,56152.8,,
Assam,Goalpara,District Summary,2583.2,0.0,171983.0,10417.0,182400.0,63618.02,7798.82,55819.2,2474.46,45.48,12405.16,14925.1,27.01,2931.46,40437.11,,
Assam,Golaghat,District Summary,1751.7,0.0,348140.0,2060.0,350200.0,106920.12,8830.72,98089.39,2005.76,119.53,3710.49,5835.8,5.95,2191.28,92068.07,,
Assam,Hailakandi,District Summary,2838.3,0.0,104981.0,27719.0,132700.0,22631.87,2913.72,19718.16,540.72,0.0,2.92,543.64,2.76,633.97,19081.26,,
Assam,Jorhat,District Summary,2265.3,0.0,279408.0,5692.0,285100.0,72799.98,12391.02,60408.95,1393.82,28.16,7278.05,8700.04,14.31,1484.91,51617.82,,
Assam,Kamrup,District Summary,1896.2,0.0,263024.0,47476.0,310500.0,78681.73,7852.36,70829.37,3570.55,294.64,15645.16,19510.36,27.85,4042.81,50846.75,,
Assam,Kamrup (M),District Summary,1813.4,0.0,65912.0,29545.0,95457.0,21508.77,2090.7,19418.07,3618.67,169.2,1481.8,5269.66,28.27,3670.02,14097.07,,
Assam,Karbi Anglong,District Summary,1122.2,0.0,656090.0,387310.0,1043400.0,125063.96,13021.66,112042.31,1961.0,36.19,818.37,2815.58,2.53,2225.46,108962.28,,
Assam,Karimganj,District Summary,3751.0,0.0,167648.0,13252.0,180900.0,38317.35,6126.72,32190.63,1337.24,4.19,73.14,1414.57,4.39,1573.99,30539.3,,
Assam,Kokrajhar,District Summary,3102.4,0.0,327030.0,2570.0,329600.0,168010.9,16836.98,151173.92,1734.46,5.4,7029.22,8766.42,5.83,1797.44,142344.53,,
Assam,Lakhimpur,District Summary,3270.3,0.0,224930.0,2770.0,227700.0,82608.9,11442.48,71166.42,2450.98,11.57,4904.62,7367.16,10.36,2773.36,63476.87,,
Assam,Morigaon,District Summary,1884.8,0.0,149066.0,6034.0,155100.0,40664.18,4654.73,36009.46,2341.22,14.87,8194.22,10550.34,29.03,2790.8,25009.54,,
Assam,Nagaon,District Summary,1884.8,0.0,377341.0,19959.0,397300.0,121593.61,14731.62,106861.98,1820.56,100.84,32758.28,34679.65,32.25,2144.76,71858.14,,
Assam,Nalbari,District Summary,1896.2,0.0,103630.0,1014.0,104644.0,35270.48,3527.06,31743.42,400.35,36.9,9269.06,9706.34,30.34,434.89,22002.54,,
Assam,Sibsagar,District Summary,2412.4,0.0,264459.0,2341.0,266800.0,100440.86,9558.92,90881.95,1766.84,72.8,3259.58,5099.21,5.64,1884.04,85665.55,,
Assam,Sonitpur,District Summary,1978.7,0.0,513224.0,7176.0,520400.0,151388.96,16353.66,135035.29,4037.11,104.12,9501.56,13642.78,10.1,4507.2,120922.42,,
Assam,Tinsukia,District Summary,2322.6,0.0,371757.0,7243.0,379000.0,136101.22,14829.03,121272.19,2083.33,68.68,6481.09,8633.12,7.25,2324.45,112397.96,,
Assam,Udalguri,District Summary,1957.8,0.0,200169.01,1030.99,201200.0,54480.44,6434.67,48045.76,1535.22,62.68,4341.12,5939.02,12.36,1639.03,42002.94,,
Bihar,Araria,District Summary,1632.2,98344.0,278937.0,0.0,278937.0,157350.28,14107.58,143242.7,10550.95,116.08,20422.29,31089.32,21.7,13404.95,109649.28,,
Bihar,Arwal,District Summary,874.4,21371.8,63683.0,0.0,63683.0,21140.5,2042.95,19097.56,2561.06,132.14,6915.54,9608.74,50.32,2935.88,9113.98,,
Bihar,Aurangabad,District Summary,974.9,142675.0,309054.0,21230.0,330284.0,131828.95,12588.98,119239.97,9361.17,2656.4,26348.91,38366.46,32.18,11439.78,78794.9,,
Bihar,Banka,District Summary,974.9,47719.2,267300.0,34654.0,301954.0,71313.95,6766.17,64547.77,7233.97,103.94,18900.4,26238.3,40.62,8871.12,36828.61,,
Bihar,Begusarai,District Summary,1090.7,336.5,189131.0,0.0,189131.0,56293.96,5629.44,50664.52,9907.62,77.66,24265.6,34250.9,67.6,12140.92,14180.31,,
Bihar,Bhagalpur,District Summary,1207.9,11453.66,260255.0,0.0,260255.0,79266.41,7552.4,71714.02,7213.61,1209.12,22620.44,31043.16,43.26,8755.42,39129.05,,
Bihar,Bhojpur,District Summary,1051.5,56636.8,227530.0,0.0,227530.0,88590.6,8859.06,79731.55,8887.54,734.56,30641.38,40263.47,50.5,10433.81,37921.83,,
Bihar,Buxar,District Summary,975.4,49281.0,171006.0,0.0,171006.0,63229.18,5976.42,57252.76,5367.36,499.22,20723.54,26590.14,46.42,6301.17,29842.6,,
Bihar,Darbhanga,District Summary,1123.6,5912.81,250429.0,0.0,250429.0,77691.5,7490.08,70201.41,13074.11,801.54,26605.93,40481.61,57.66,15063.12,27730.79,,
Bihar,East Champaran,District Summary,1197.7,147947.82,395887.0,0.0,395887.0,193431.34,17220.43,176210.9,18763.94,7260.73,52236.67,78261.36,44.41,24225.93,93024.74,,
Bihar,Gaya,District Summary,1003.9,36320.0,490978.0,7608.0,498586.0,133533.22,12990.56,120542.66,15440.08,2029.6,49040.44,66510.07,55.17,18920.48,51714.92,,
Bihar,Gopalganj,District Summary,1135.5,77162.0,201913.0,0.0,201913.0,106056.77,10269.14,95787.62,8598.3,518.18,45279.84,54396.34,56.79,9873.21,40137.4,,
Bihar,Jamui,District Summary,1107.3,8352.9,255114.0,54712.0,309826.0,49815.72,4565.72,45250.0,6422.04,14.9,12070.21,18507.15,40.9,7826.52,27819.99,,
Bihar,Jehanabad,District Summary,936.6,15594.0,93257.0,0.0,93257.0,33723.82,3297.63,30426.2,3623.57,5.18,21135.33,24764.08,81.38,4254.02,6083.23,,
Bihar,Kaimur,District Summary,1126.3,65809.0,298040.0,38166.0,336206.0,82407.33,7633.21,74774.11,5781.4,61.72,26801.69,32644.81,43.66,7065.14,40927.84,,
Bihar,Katihar,District Summary,1342.7,22050.7,300991.0,0.0,300991.0,121536.24,11207.32,110328.92,10470.04,158.61,36414.85,47043.48,42.64,13058.52,61294.36,,
Bihar,Khagaria,District Summary,1233.9,0.0,148572.0,0.0,148572.0,48488.88,4182.73,44306.14,6000.16,17.96,22028.12,28046.25,63.3,7612.26,14647.8,,
Bihar,Kishanganj,District Summary,2090.6,0.0,191143.0,0.0,191143.0,66221.73,5268.63,60953.1,6048.78,301.48,14878.06,21228.32,34.82,7696.0,38077.54,,
Bihar,Lakhisarai,District Summary,1146.8,24037.0,114494.0,8280.0,122774.0,42288.59,4155.36,38133.22,3464.98,87.16,8079.0,11631.14,30.48,4180.86,25786.21,,
Bihar,Madhepura,District Summary,1392.7,107784.0,178840.0,0.0,178840.0,108745.0,10530.62,98214.38,7491.05,147.22,30145.54,37783.82,38.47,9595.45,58326.15,,
Bihar,Madhubani,District Summary,1293.3,52482.82,348645.0,0.0,348645.0,142871.4,12220.48,130650.9,15808.35,8802.15,35666.76,60277.26,46.14,19213.02,67590.46,,
Bihar,Munger,District Summary,1146.8,32937.0,133142.0,6408.0,139550.0,41755.5,4048.7,37706.8,4498.2,756.77,8488.59,13743.56,36.44,5217.7,23243.75,,
Bihar,Muzaffarpur,District Summary,1154.5,41129.35,304277.0,0.0,304277.0,123857.06,12275.88,111581.18,16268.5,1403.58,55706.16,73378.22,65.76,21108.16,36250.89,,
Bihar,Nalanda,District Summary,1002.2,11911.0,231646.0,3350.0,234996.0,66388.36,6248.78,60139.58,9369.03,2020.8,34957.83,46347.64,77.12,10970.58,12763.58,,
Bihar,Nawada,District Summary,1041.8,21728.0,245658.0,2999.0,248657.0,71212.43,6946.9,64265.53,6034.58,84.44,25920.4,32039.38,49.86,7146.56,31357.62,,
Bihar,Patna,District Summary,1074.8,20510.0,320084.0,0.0,320084.0,108551.02,10507.96,98124.46,16910.02,1448.3,41740.48,60098.78,61.25,20221.71,36264.1,,
Bihar,Purnea,District Summary,1598.2,102587.0,320239.0,0.0,320239.0,168186.54,15482.55,152703.98,11196.97,1041.62,43586.68,55825.28,36.54,13965.18,94110.48,,
Bihar,Rohtas,District Summary,949.1,96037.0,375143.0,8783.0,383926.0,122210.3,11622.42,110587.87,9558.22,249.75,24410.51,34218.48,30.97,11134.5,74793.12,,
Bihar,Saharsa,District Summary,1692.9,22194.0,166128.0,0.0,166128.0,69085.73,5585.34,63500.39,6298.25,66.66,17342.97,23707.88,37.34,7689.72,38401.04,,
Bihar,Samastipur,District Summary,1192.3,2244.66,261287.0,0.0,261287.0,88822.9,8626.78,80196.12,14670.16,266.94,39979.43,54916.56,68.48,17829.7,22421.48,,
Bihar,Saran,District Summary,1123.8,93564.1,262957.0,0.0,262957.0,111327.58,10796.74,100530.84,13027.54,175.64,29139.94,42343.1,42.12,15294.1,55991.92,,
Bihar,Sheikhpura,District Summary,1008.4,3791.4,66259.0,2550.0,68809.0,18355.53,1703.32,16652.21,2094.48,2.42,7654.42,9751.33,58.56,2446.18,6626.98,,
Bihar,Sheohar,District Summary,1293.1,12235.0,44299.0,0.0,44299.0,18247.07,1669.74,16577.32,2360.22,182.81,6821.24,9364.3,56.48,2910.98,6662.26,,
Bihar,Sitamarhi,District Summary,1293.1,0.0,218520.0,0.0,218520.0,69033.08,5200.73,63832.34,12012.7,88.88,17845.94,29947.52,46.92,14884.84,31012.69,,
Bihar,Siwan,District Summary,1135.4,67324.1,222307.0,0.0,222307.0,107318.07,10155.31,97162.75,11012.12,221.0,42497.6,53730.73,55.3,13052.77,41391.38,,
Bihar,Supaul,District Summary,1273.8,38581.7,241026.0,0.0,241026.0,109240.85,9777.32,99463.53,7883.17,72.02,24755.1,32710.3,32.88,9859.88,64776.51,,
Bihar,Vaishali,District Summary,1176.5,36302.79,199518.0,0.0,199518.0,80538.61,7548.1,72990.52,11834.11,2285.93,32752.41,46872.42,64.22,15404.13,26060.06,,
Bihar,West Champaran,District Summary,1472.0,128470.0,387181.0,47257.0,434438.0,182783.56,16295.54,166488.02,14536.24,4439.96,31264.44,50240.64,30.16,18284.48,112659.66,,
Chandigarh,Chandigarh,District Summary,1043.9,0.0,11400.0,0.0,11400.0,5416.16,541.62,4874.54,2475.88,217.92,550.5,3244.3,66.56,2974.68,1131.44,,[]
Chhattisgarh,Balod,District Summary,1122.9,114082.0,261470.0,19404.0,280874.0,40121.15,3879.62,36241.53,2275.25,78.67,24206.6,26560.54,73.3,2356.22,9960.98,,
Chhattisgarh,Baloda Bazar,District Summary,1396.68,137313.0,406748.0,0.0,406748.0,68338.17,6729.46,61608.71,4594.05,1182.33,20978.84,26755.24,43.43,5644.19,34260.3,,
Chhattisgarh,Balrampur,District Summary,1317.0,16893.0,566131.0,147789.0,713920.0,52356.92,4407.14,47949.77,2092.78,14.7,10949.56,13057.06,27.2,2200.65,34784.84,,
Chhattisgarh,Bastar,District Summary,1365.8,6165.0,383533.0,229465.0,612998.0,27352.66,2278.27,25074.4,2315.68,76.12,6745.0,9136.82,36.4,2400.33,15852.93,,
Chhattisgarh,Bemetara,District Summary,1122.9,57182.0,285481.0,0.0,285481.0,47453.43,4745.35,42708.08,2499.53,233.98,36797.68,39531.18,92.56,2889.52,4256.85,,
Chhattisgarh,Bijapur,District Summary,1528.1,90.0,437729.0,223519.0,661248.0,52256.16,5225.62,47030.53,684.94,2.2,4391.28,5078.42,10.8,711.88,41925.17,,
Chhattisgarh,Bilaspur,District Summary,1114.46,64153.0,317595.0,33253.0,350848.0,51382.8,4660.76,46722.04,5775.46,678.74,22053.47,28507.65,61.01,6529.12,19733.14,,
Chhattisgarh,Dantewada,District Summary,1327.9,60.0,311866.0,29184.0,341050.0,27302.56,2294.98,25007.58,783.91,158.45,3761.42,4703.79,18.81,820.0,20267.71,,
Chhattisgarh,Dhamtari,District Summary,1385.3,113324.0,248706.0,159487.0,408193.0,68712.48,6726.62,61985.86,2127.57,91.34,43355.56,45574.45,73.52,2180.05,16358.93,,
Chhattisgarh,Durg,District Summary,1122.9,73161.0,231999.0,0.0,231999.0,43166.5,4178.82,38987.68,4992.83,423.4,24054.61,29470.84,75.59,5135.19,10648.02,,
Chhattisgarh,Gariaband,District Summary,1385.3,64270.5,263140.0,319126.0,582266.0,37208.74,3335.0,33873.73,1745.26,21.85,19626.98,21394.1,63.16,1877.55,12347.34,,
Chhattisgarh,Gourela-Pendra-Marwahi,District Summary,1229.8,11361.0,165123.0,65616.0,230739.0,14206.0,1248.86,12957.15,1163.26,1.78,4054.98,5220.04,40.3,1324.53,7575.84,,
Chhattisgarh,Janjgir-Champa,District Summary,1386.0,118718.0,215258.0,22300.0,237558.0,48632.6,4522.42,44110.18,2889.73,233.4,8164.76,11287.89,25.59,3060.17,32651.84,,
Chhattisgarh,Jashpur,District Summary,1481.38,8442.0,451005.0,194736.0,645741.0,35765.26,2777.6,32987.66,2257.61,34.5,14329.28,16621.42,50.34,2320.47,16304.37,,
Chhattisgarh,Kabirdham,District Summary,1117.0,40198.0,423963.0,20742.0,444705.0,73075.76,7289.0,65786.76,2604.79,81.76,36280.18,38966.75,59.24,2837.22,27559.67,,
Chhattisgarh,Kanker,District Summary,1397.51,22097.0,626036.0,17412.0,643448.0,71203.89,5188.66,66015.24,2072.03,32.41,23337.52,25441.98,38.54,2150.07,40495.23,,
Chhattisgarh,Khairagarh-Chhuikhadan_Gandai,District Summary,1208.7,21813.0,149038.0,7521.0,156559.0,19664.26,1757.52,17906.74,1095.79,11.82,10184.12,11291.72,63.06,1161.58,6549.24,,
Chhattisgarh,Kondagaon,District Summary,1362.4,14149.0,372241.0,13786.0,386027.0,38261.66,2735.46,35526.2,1598.95,22.02,14081.44,15702.4,44.18,1658.78,19982.38,,
Chhattisgarh,Korba,District Summary,1392.0,5740.0,431430.0,283114.0,714544.0,49229.44,2871.6,46357.84,3678.36,2490.26,10388.35,16556.95,35.72,3879.21,29600.05,,
Chhattisgarh,Korea,District Summary,1317.0,7134.0,72647.0,19045.0,91692.0,15002.86,1002.36,14000.5,666.61,391.68,5847.88,6906.18,49.32,683.63,7077.3,,
Chhattisgarh,Mahasamund,District Summary,1406.24,67215.0,459720.0,36580.0,496300.0,102786.6,8821.56,93965.03,2941.12,142.35,53669.47,56752.94,60.4,3077.95,37075.25,,
Chhattisgarh,Manendragarh-Chirmiri_Bharatpur,District Summary,1317.0,11656.0,329840.0,176238.0,506078.0,50528.4,3534.15,46994.24,1107.58,745.87,7878.12,9731.57,20.7,1136.16,37234.08,,
Chhattisgarh,Mohla-Manpur_Ambagarhchowki,District Summary,1208.7,6211.0,154882.0,84116.0,238998.0,16859.25,1685.93,15173.32,747.27,31.5,5070.48,5849.24,38.55,767.82,9303.53,,
Chhattisgarh,Mungeli,District Summary,1351.0,69850.0,163942.0,111094.0,275036.0,26872.12,2337.38,24534.74,1945.29,31.02,9316.31,11292.62,46.03,2236.98,12950.42,,
Chhattisgarh,Narayanpur,District Summary,1404.1,3261.0,351043.0,340273.0,691316.0,27465.6,2591.66,24873.93,395.74,10.65,1802.9,2209.3,8.86,455.17,22605.2,,
Chhattisgarh,Raigarh,District Summary,1466.0,15887.0,385919.0,134470.0,520389.0,42323.93,3618.28,38705.64,3169.0,2728.46,10916.14,16813.59,43.44,3302.28,21758.76,,
Chhattisgarh,Raipur,District Summary,1376.34,108435.0,289198.0,0.0,289198.0,50890.87,4748.39,46142.48,7471.62,2036.35,17991.0,27498.98,59.6,8179.69,19071.64,,
Chhattisgarh,Rajnandgaon,District Summary,1208.7,36795.0,259732.0,12728.0,272460.0,38999.0,3283.32,35715.68,3267.9,235.44,20922.36,24425.72,68.4,5719.12,10557.52,,
Chhattisgarh,Sakti,District Summary,1386.0,69846.0,154389.0,30999.0,185388.0,32980.28,3223.68,29756.6,1957.98,9.94,12300.42,14268.34,47.95,2086.47,15359.76,,
Chhattisgarh,Sarangarh-Bilairagh,District Summary,1418.41,41892.0,227638.0,28300.0,255938.0,24721.84,2049.07,22672.76,1867.95,52.64,6999.49,8920.08,39.34,2028.0,13592.63,,
Chhattisgarh,Sukma,District Summary,1403.85,589.0,521199.0,42380.0,563579.0,46042.11,4386.79,41655.32,623.84,1.86,1850.99,2476.69,5.94,636.6,39165.86,,
Chhattisgarh,Surajpur,District Summary,1241.81,13773.0,263788.0,14932.0,278720.0,40344.2,2820.19,37524.01,2204.94,1255.6,20112.61,23573.18,62.8,2298.05,13857.72,,
Chhattisgarh,Surguja,District Summary,1369.15,32666.0,425442.0,93673.0,519115.0,42799.58,3551.62,39247.97,2347.74,1126.36,15670.14,19144.22,48.77,2436.01,20030.1,,
Dadra And Nagar Haveli,Dadra Nagar Haveli,District Summary,2265.7,4235.0,41600.0,7500.0,49100.0,9317.96,653.52,8664.44,1292.4,4781.8,888.62,6962.82,82.74,2502.91,2398.11,,
Daman And Diu,Daman,District Summary,2194.78,6840.0,7090.0,110.0,7200.0,2737.04,136.85,2600.18,731.13,2361.19,215.1,2941.85,109.54,1610.38,956.6,,[]
Daman And Diu,Diu,District Summary,848.24,3676.0,4000.0,0.0,4000.0,384.73,19.24,365.5,28.45,631.3,42.2,687.72,142.12,105.3,77.68,,[]
Delhi,Central,District Summary,573.0,0.0,7930.5,0.0,7930.5,2515.05,251.5,2263.55,1522.9,0.0,248.57,1771.47,78.32,2208.43,506.98,,
Delhi,Central North,District Summary,626.13,0.0,3159.9,0.0,3159.9,1664.05,166.41,1497.64,1338.72,0.2,118.99,1457.91,97.34,1518.22,54.54,,
Delhi,East,District Summary,626.13,0.0,2579.0,0.0,2579.0,562.83,56.28,506.55,95.7,0.0,232.8,328.5,64.83,95.7,178.06,,
Delhi,New Delhi,District Summary,661.86,0.0,15809.0,0.0,15809.0,3025.7,302.58,2723.12,2827.62,2.2,686.87,3516.7,129.15,2913.19,8.57,,
Delhi,North,District Summary,626.44,0.0,29114.0,0.0,29114.0,4588.1,458.82,4129.28,3646.22,50.31,491.8,4188.33,101.8,3805.02,245.92,,
Delhi,North East,District Summary,573.0,0.0,3567.2,0.0,3567.2,1794.62,179.47,1615.15,1574.46,0.0,154.72,1729.18,107.07,1600.2,76.31,,
Delhi,North West,District Summary,626.44,0.0,15436.0,0.0,15436.0,3843.94,384.39,3459.56,1802.98,0.56,511.32,2314.86,66.92,2552.12,1144.7,,
Delhi,Old Delhi,District Summary,573.0,0.0,3458.5,0.0,3458.5,1632.46,163.24,1469.22,1343.3,0.5,338.43,1682.25,114.52,1468.58,8.58,,
Delhi,Outer North,District Summary,675.48,0.0,15785.0,0.0,15785.0,4519.88,451.98,4067.9,3681.1,0.0,709.9,4391.01,107.95,3681.11,72.24,,
Delhi,South,District Summary,675.48,0.0,10352.0,0.0,10352.0,2677.62,267.76,2409.86,2013.74,12.74,220.17,2246.65,93.2,2042.2,134.75,,
Delhi,South East,District Summary,646.98,0.0,30516.0,0.0,30516.0,7411.74,741.18,6670.57,2132.3,0.0,3981.46,6113.76,91.64,3039.16,233.12,,
Delhi,South West,District Summary,643.17,0.0,11054.0,0.0,11054.0,3910.88,349.5,3561.38,2668.18,0.6,731.98,3400.74,95.47,2671.46,264.4,,
Goa,Goa North,District Summary,3354.45,17854.0,98987.0,47323.0,146310.0,16536.1,3307.22,13228.88,1812.72,105.55,1675.35,3593.63,27.16,2013.28,9434.68,,
Goa,South Goa,District Summary,3355.93,10861.0,121972.0,101915.7,223887.7,21775.18,4355.03,17420.15,2185.1,375.44,926.37,3486.92,20.02,2426.9,13691.43,,
Gujarat,Ahmedabad,District Summary,700.66,184138.42,707726.04,0.0,707726.04,568805.03,55776.68,513028.36,3980.88,4160.58,65582.45,73723.9,73.18,2040.78,14846.1,,
Gujarat,Amreli,District Summary,735.33,723203.78,747846.72,0.0,747846.72,153026.2,7651.32,145374.87,1249.58,97.22,80931.7,82278.5,56.33,1285.13,62648.74,,
Gujarat,Anand,District Summary,859.29,212911.56,304119.14,0.0,304119.14,135574.32,10116.8,125457.52,4122.91,1477.06,30465.95,36065.91,28.51,3935.94,78181.86,,
Gujarat,Arvalli,District Summary,900.77,310371.56,310371.56,6518.06,316889.62,91796.1,4589.8,87206.29,2075.05,24.31,35682.0,37781.37,43.33,2336.22,49163.76,,
Gujarat,Banaskantha,District Summary,686.13,669984.12,1050135.46,29809.16,1079944.62,193525.95,19352.61,174173.34,5162.56,72.12,181769.05,187003.74,120.64,5178.64,11760.79,,
Gujarat,Bharuch,District Summary,805.15,332922.55,546298.3,4390.0,550688.3,96645.83,8034.75,88611.08,2470.69,1110.36,17968.45,21549.51,26.94,2023.2,46362.72,,
Gujarat,Bhavnagar,District Summary,690.74,585752.23,728147.99,0.0,728147.99,127298.98,6384.38,120914.61,3937.11,58.38,48739.35,52734.84,43.8,3617.56,59851.76,,
Gujarat,Botad,District Summary,713.71,203056.11,248479.86,0.0,248479.86,51368.06,2570.24,48797.82,1026.47,16.74,27070.6,28113.8,57.2,1027.76,17984.48,,
Gujarat,Chhota Udepur,District Summary,1118.58,326493.29,326493.29,17298.0,343791.29,63156.0,6315.61,56840.4,2251.39,1.06,22939.6,25192.04,44.32,2487.06,31412.68,,
Gujarat,Dahod,District Summary,724.15,351971.34,351971.34,12158.0,364129.34,37336.34,3394.92,33941.41,2335.46,3.16,11020.0,13358.61,39.35,2957.29,19960.97,,
Gujarat,Dang,District Summary,2388.39,144921.8,144921.8,35515.0,180436.8,36202.76,3620.28,32582.48,498.71,1.28,3752.7,4252.7,13.04,584.46,28244.04,,
Gujarat,Devbhumi Dwarka,District Summary,919.3,360785.62,420636.98,12245.0,432881.98,50149.97,2507.5,47642.47,1690.88,157.79,30693.35,32542.03,69.29,1746.86,12943.77,,
Gujarat,Gandhinagar,District Summary,794.83,215520.64,215520.64,0.0,215520.64,65909.36,5680.74,60228.61,1365.0,845.96,60468.75,62679.7,106.98,1846.95,8044.33,,
Gujarat,Gir Somnath,District Summary,1107.9,315649.82,328588.35,0.0,328588.35,81324.0,6428.37,74895.62,3045.36,170.88,32345.75,35561.98,48.33,3277.14,36197.4,,
Gujarat,Jamnagar,District Summary,808.29,579332.21,642348.39,99.0,642447.39,146052.68,7312.36,138740.32,2534.86,52.28,57539.2,60126.36,41.86,2678.56,77386.96,,
Gujarat,Junagadh,District Summary,1181.57,509083.69,547124.25,8142.0,555266.25,170158.98,8513.24,161645.73,3316.04,109.2,72712.77,76138.02,46.5,3628.63,80680.98,,
Gujarat,Kachchh,District Summary,560.35,840179.39,2049135.78,0.0,2049135.78,212500.2,19712.0,192788.22,3559.18,815.66,111389.45,115764.29,53.11,1414.72,42898.16,,
Gujarat,Kheda,District Summary,859.3,286444.62,343764.3,0.0,343764.3,97960.58,8580.92,89379.66,3250.54,643.38,35164.85,39058.76,40.0,3173.81,47342.72,,
Gujarat,Mahesana,District Summary,760.21,288807.09,440747.98,2428.0,443175.98,287703.83,28559.36,259144.47,1936.1,873.67,107890.5,110700.28,109.2,1567.8,5592.36,,
Gujarat,Mahisagar,District Summary,751.59,245901.06,245901.06,4096.0,249997.06,34068.88,3406.88,30662.0,911.64,17.08,14345.9,15274.62,49.82,1024.4,15274.64,,
Gujarat,Morbi,District Summary,626.03,348052.07,499269.72,0.0,499269.72,86867.14,5762.9,81104.24,1655.2,202.48,38850.9,40708.59,51.34,1699.9,32338.72,,
Gujarat,Narmada,District Summary,1122.7,250995.38,250995.38,29237.0,280232.38,41665.9,2990.64,38675.25,549.28,21.86,24565.95,25137.12,65.0,609.63,13477.8,,
Gujarat,Navsari,District Summary,1894.64,216782.15,216782.15,5828.0,222610.15,81926.4,5766.72,76159.67,2701.84,216.76,20147.7,23066.31,30.32,2856.2,52841.94,,
Gujarat,Panchmahal,District Summary,912.1,325474.41,325474.41,3567.0,329041.41,57965.98,3877.96,54088.02,1552.55,331.02,11901.2,13784.78,25.48,1766.57,40089.22,,
Gujarat,Patan,District Summary,627.47,117107.99,568650.77,0.0,568650.77,113196.86,9930.86,103266.0,1473.24,34.59,67749.84,69257.66,115.34,1024.99,238.48,,
Gujarat,Porbandar,District Summary,843.63,133858.11,230540.68,0.0,230540.68,38185.13,2737.93,35447.2,890.64,184.78,19584.85,20660.28,56.65,558.9,9211.24,,
Gujarat,Rajkot,District Summary,809.39,764586.51,776258.82,0.0,776258.82,175173.59,8758.68,166414.91,2576.07,357.26,108181.4,111114.74,65.78,2980.52,56549.48,,
Gujarat,Rana And Kutch,District Summary,0.0,0.0,0.0,0.0,0.0,0.0,0.0,0.0,0.0,0.0,0.0,0.0,0.0,0.0,0.0,,
Gujarat,Sabarkantha,District Summary,919.29,407378.4,407378.4,17542.0,424920.4,84883.08,8488.33,76394.75,2069.78,297.38,53926.05,56293.22,73.68,2555.0,21593.24,,
Gujarat,Surat,District Summary,1551.19,381733.07,421240.38,342.0,421582.38,156499.71,12666.99,143832.72,19483.86,4579.88,35127.05,59190.8,42.26,27349.07,79179.38,,
Gujarat,Surendranagar,District Summary,606.88,444181.25,927607.21,0.0,927607.21,236696.26,18993.47,217702.78,2841.82,235.03,59661.5,62738.32,50.42,1437.64,37463.17,,
Gujarat,Tapi,District Summary,1484.27,308550.36,308550.36,10022.0,318572.36,77864.19,6838.94,71025.26,507.36,64.38,24203.05,24774.78,34.88,918.82,45839.02,,
Gujarat,Vadodara,District Summary,897.58,406398.89,406398.89,0.0,406398.89,129093.8,8407.74,120686.06,6641.0,2505.84,58889.35,68036.19,66.71,7336.22,34539.84,,
Gujarat,Valsad,District Summary,2487.5,238387.73,238387.73,62509.0,300896.73,77015.98,7701.6,69314.38,4405.92,543.03,16145.15,21094.1,30.44,5132.52,47483.62,,
Haryana,Ambala,District Summary,1065.56,150904.89,150904.89,300.0,151204.89,43405.32,4340.54,39064.78,6961.89,7575.0,35760.57,50297.46,128.76,6961.89,1022.12,,
Haryana,Bhiwani,District Summary,346.87,267495.39,328695.39,1032.0,329727.39,43820.53,4382.05,39438.48,1407.6,1993.2,52835.46,56236.26,107.78,1422.64,8124.64,,
Haryana,Charkhi Dadri,District Summary,537.14,134335.69,137160.69,189.0,137349.69,21974.95,2101.02,19873.93,1253.5,28.0,24901.91,26183.41,124.24,1266.97,5904.7,,
Haryana,Faridabad,District Summary,601.54,57725.42,65561.42,8717.0,74278.42,14654.02,1285.55,13368.47,4442.06,5132.0,15228.18,24802.24,178.14,4478.93,345.96,,
Haryana,Fatehabad,District Summary,294.5,251850.38,252512.38,0.0,252512.38,65294.26,6529.43,58764.83,1826.59,98.2,102353.22,104278.0,177.44,1857.72,734.24,,
Haryana,Gurgaon,District Summary,559.49,121112.69,122245.69,3789.0,126034.69,23794.6,2332.18,21462.41,5178.36,17129.84,21304.2,43612.42,203.68,5178.36,0.0,,
Haryana,Hisar,District Summary,420.72,406838.3,407527.3,0.0,407527.3,66804.75,5315.09,61489.66,366.2,230.22,51114.78,51711.2,80.67,366.2,19684.29,,
Haryana,Jhajjar,District Summary,444.42,153659.79,193464.79,0.0,193464.79,48911.8,3852.72,45059.08,429.39,115.0,23636.34,24180.73,50.3,429.39,22396.84,,
Haryana,Jind,District Summary,462.74,257985.14,275091.45,0.0,275091.45,80981.85,7724.36,73257.5,1714.67,711.28,90632.15,93058.11,114.78,2639.84,5174.87,,
Haryana,Kaithal,District Summary,483.55,222872.15,227414.15,0.0,227414.15,46746.4,4674.64,42071.76,3051.61,633.75,77756.73,81442.08,193.6,3483.48,0.0,,
Haryana,Karnal,District Summary,651.88,246865.7,247051.7,0.0,247051.7,117657.7,11765.78,105891.92,8163.92,3447.92,172316.96,183928.81,173.69,8163.92,0.0,,
Haryana,Kurukshetra,District Summary,624.24,168420.28,168420.28,0.0,168420.28,41406.9,3937.29,37469.62,4172.5,12575.88,68294.39,85042.77,226.98,4172.5,0.0,,
Haryana,Mahendragarh,District Summary,332.92,188541.76,191787.76,2295.0,194082.76,22204.02,2220.43,19983.6,4099.1,31.08,26070.0,30200.18,151.18,4099.1,249.8,,
Haryana,Mewat,District Summary,434.98,110702.22,136906.22,13326.0,150232.22,18829.96,1848.96,16981.0,2070.93,21.72,14203.92,16296.56,74.15,2070.93,5051.72,,
Haryana,Palwal,District Summary,441.59,120020.17,135826.17,129.0,135955.17,43740.62,3926.62,39813.99,2273.08,732.5,34107.46,37113.04,93.24,2273.08,7205.67,,
Haryana,Panchkula,District Summary,1379.0,50671.51,50671.51,37615.24,88286.75,14575.71,1135.97,13439.74,1143.18,90.0,7122.35,8355.53,62.17,1143.18,5084.22,,
Haryana,Panipat,District Summary,480.42,129637.18,130273.18,0.0,130273.18,52014.1,5201.4,46812.7,2472.33,2392.0,99703.65,104567.98,219.98,2472.33,0.0,,
Haryana,Rewari,District Summary,541.91,144017.81,146167.81,4720.0,150887.81,28889.68,2447.49,26442.18,2110.14,1452.0,31701.08,35263.21,132.94,2110.14,190.49,,
Haryana,Rohtak,District Summary,443.9,150389.11,166907.11,0.0,166907.11,36066.32,3606.64,32459.69,538.48,166.06,22244.02,22948.56,49.96,538.48,16245.5,,
Haryana,Sirsa,District Summary,283.66,352099.75,426992.75,0.0,426992.75,64193.22,5468.68,58724.54,1911.36,266.07,138182.78,140360.2,156.17,1911.36,2406.81,,
Haryana,Sonipat,District Summary,551.12,199641.33,215722.33,0.0,215722.33,74119.46,6773.38,67346.09,8951.35,939.29,65815.66,75706.3,106.67,8951.35,7862.29,,
Haryana,Yamuna Nagar,District Summary,901.0,143277.26,143277.26,28500.0,171777.26,59405.84,5636.62,53769.22,5072.96,2340.0,63505.86,70918.82,131.92,5072.96,3154.42,,
Himachal Pradesh,Bls,District Summary,1506.9,0.0,10700.0,28800.0,39500.0,2711.06,271.11,2439.95,756.46,0.0,277.8,1034.26,42.39,756.46,1405.69,,
Himachal Pradesh,Chauntra Valley,District Summary,1506.9,0.0,5200.0,0.0,5200.0,5225.72,522.58,4703.14,130.3,0.0,0.0,130.3,2.77,130.31,4572.83,,
Himachal Pradesh,Chm,District Summary,0.0,0.0,0.0,0.0,0.0,0.0,0.0,0.0,0.0,0.0,0.0,0.0,0.0,0.0,0.0,,
Himachal Pradesh,Dharamshala Palampur Valley,District Summary,2019.8,0.0,45200.0,0.0,45200.0,13693.73,1369.37,12324.36,3141.72,0.0,1.25,3142.96,25.5,3141.72,9181.4,,
Himachal Pradesh,Hmp,District Summary,0.0,0.0,0.0,0.0,0.0,0.0,0.0,0.0,0.0,0.0,0.0,0.0,0.0,0.0,0.0,,
Himachal Pradesh,Kin,District Summary,0.0,0.0,0.0,0.0,0.0,0.0,0.0,0.0,0.0,0.0,0.0,0.0,0.0,0.0,0.0,,
Himachal Pradesh,Kng,District Summary,1565.25,0.0,77383.91,3678.64,79223.23,28673.88,2867.4,25806.49,2967.14,24.96,3426.96,6419.06,43.24,2967.14,19387.42,,
Himachal Pradesh,Kul,District Summary,0.0,0.0,0.0,0.0,0.0,0.0,0.0,0.0,0.0,0.0,0.0,0.0,0.0,0.0,0.0,,
Himachal Pradesh,Las,District Summary,1618.3,0.0,8200.0,0.0,8200.0,1724.21,86.21,1638.0,205.74,323.32,95.38,624.44,38.12,205.74,1013.56,,
Himachal Pradesh,Mnd,District Summary,1506.9,0.0,15959.68,0.0,15959.68,7733.89,773.39,6960.5,962.42,0.0,314.55,1276.97,18.35,962.42,5683.53,,
Himachal Pradesh,Nalagarh Valley,District Summary,1366.2,0.0,33600.0,0.0,33600.0,16036.23,801.81,15234.42,1250.88,4917.46,2651.37,8819.71,57.89,1250.88,6414.71,,
Himachal Pradesh,Nurpur & Indaura Valley,District Summary,2019.8,0.0,102400.0,0.0,102400.0,41697.84,4169.78,37528.06,2219.37,40.71,5914.19,8174.27,21.78,2219.37,29353.79,,
Himachal Pradesh,Poanta Valley,District Summary,1618.3,0.0,27600.0,0.0,27600.0,8633.02,863.3,7769.72,764.38,168.68,631.14,1564.2,20.13,764.38,6205.52,,
Himachal Pradesh,Shm,District Summary,0.0,0.0,0.0,0.0,0.0,0.0,0.0,0.0,0.0,0.0,0.0,0.0,0.0,0.0,0.0,,
Himachal Pradesh,Sln,District Summary,1366.2,0.0,32566.1,0.0,32566.1,15902.63,1590.26,14312.37,1250.88,5953.38,2730.96,9935.22,69.42,1250.88,4377.15,,
Himachal Pradesh,Srm,District Summary,1618.3,0.0,35259.1,0.0,35259.1,10431.92,947.86,9484.06,1127.18,543.88,807.54,2478.6,26.13,1127.18,7005.46,,
Himachal Pradesh,Una,District Summary,1110.7,0.0,114476.66,0.0,114476.66,21637.03,2163.7,19473.33,3519.24,166.01,8992.39,12677.64,65.1,3519.24,6795.69,,
Himachal Pradesh,Una Valley Beas Catchment,District Summary,1110.7,0.0,6500.0,0.0,6500.0,1056.52,105.65,950.87,122.52,2.01,121.31,245.84,25.85,122.52,705.03,,
Himachal Pradesh,Una Valley Sutlej Catchment,District Summary,1110.7,0.0,104500.0,0.0,104500.0,19755.13,1975.51,17779.62,2966.37,207.79,8525.2,11699.36,65.8,2966.37,6080.26,,
Jammu And Kashmir,Anantnag,District Summary,1101.25,27940.18,60486.5,31902.37,92388.87,12520.27,1252.04,11268.22,1959.88,37.8,369.25,2366.96,21.28,1959.88,8901.26,,
Jammu And Kashmir,Bandipora,District Summary,921.6,0.0,33937.02,17445.82,51382.84,5615.79,560.05,5055.74,660.86,1.08,11.2,673.14,13.64,660.85,4382.62,,
Jammu And Kashmir,Baramulla,District Summary,1227.95,0.0,57627.19,64042.94,121670.13,14042.66,1404.3,12638.36,1846.32,5.4,364.12,2215.84,18.44,1846.31,10422.53,,
Jammu And Kashmir,Barmulla,District Summary,0.0,0.0,0.0,0.0,0.0,0.0,0.0,0.0,0.0,0.0,0.0,0.0,0.0,0.0,0.0,,
Jammu And Kashmir,Budgam,District Summary,719.45,0.0,29168.48,31614.37,60782.85,5272.92,519.3,4753.62,1212.71,5.4,106.43,1324.54,27.86,1212.72,3429.08,,
Jammu And Kashmir,Doda,District Summary,1265.75,0.0,974.99,109013.25,109988.24,1039.42,103.94,935.48,170.32,5.4,16.81,192.52,20.58,170.32,742.97,,
Jammu And Kashmir,Ganderbal,District Summary,818.1,0.0,4098.89,11071.69,15170.58,1009.22,100.93,908.3,245.27,10.43,190.46,446.15,49.36,245.27,462.14,,
Jammu And Kashmir,Jammu,District Summary,1350.05,59123.4,169422.86,80626.34,250049.2,46205.62,4599.22,41606.4,7732.75,719.39,5187.27,13639.44,32.78,7732.74,27966.98,,
Jammu And Kashmir,Kathua,District Summary,1605.3,21110.07,82909.37,164903.15,247812.52,29316.66,2760.94,26555.72,3713.08,641.2,2991.36,7345.65,28.35,3713.08,19210.07,,
Jammu And Kashmir,Kishtwar,District Summary,1265.75,0.0,3374.3,255453.99,258828.29,1319.2,131.92,1187.28,150.5,4.32,31.5,186.34,15.7,150.5,1000.94,,
Jammu And Kashmir,Kulgam,District Summary,1231.6,0.0,24824.4,17516.43,42340.83,6801.57,680.16,6121.42,1067.78,29.16,157.8,1254.75,20.5,1067.78,4866.66,,
Jammu And Kashmir,Kupwara,District Summary,0.0,0.0,0.0,0.0,0.0,0.0,0.0,0.0,0.0,0.0,0.0,0.0,0.0,0.0,0.0,,
Jammu And Kashmir,Kupwarar,District Summary,1063.1,0.0,19704.77,62642.53,82347.3,6228.02,622.8,5605.22,1171.84,10.8,16.81,1199.43,21.4,1171.82,4405.8,,
Jammu And Kashmir,Mirpur,District Summary,0.0,0.0,0.0,0.0,0.0,0.0,0.0,0.0,0.0,0.0,0.0,0.0,0.0,0.0,0.0,,
Jammu And Kashmir,Muzaffarabad,District Summary,0.0,0.0,0.0,0.0,0.0,0.0,0.0,0.0,0.0,0.0,0.0,0.0,0.0,0.0,0.0,,
Jammu And Kashmir,Poonch,District Summary,1343.55,0.0,8117.56,159115.14,167232.7,5145.86,514.59,4631.27,444.5,5.4,332.5,782.4,16.89,444.5,3848.88,,
Jammu And Kashmir,Pulwama,District Summary,650.25,0.0,38779.45,12085.09,50864.54,6258.96,625.91,5633.05,1492.05,15.12,481.75,1988.9,35.51,1492.04,3644.16,,
Jammu And Kashmir,Rajouri,District Summary,1693.6,4457.28,65547.2,216328.26,281875.46,23263.58,2244.67,21018.91,1228.5,5.4,787.5,2021.42,10.2,1228.5,18997.49,,
Jammu And Kashmir,Ramban,District Summary,1409.25,0.0,1553.44,63103.98,64657.42,723.7,72.37,651.33,147.0,5.4,59.5,211.91,32.55,147.0,439.42,,
Jammu And Kashmir,Reasi,District Summary,2193.9,1294.15,27374.49,185950.79,213325.28,24288.07,2428.8,21859.27,2003.02,36.49,364.12,2403.63,11.0,2003.02,19455.64,,
Jammu And Kashmir,Samba,District Summary,1191.2,10202.44,79170.21,25252.08,104422.29,19558.42,1874.93,17683.5,2139.28,156.39,431.34,2727.03,15.64,2139.27,14956.48,,
Jammu And Kashmir,Shopian,District Summary,1021.0,0.0,27983.06,1674.85,29657.91,6330.21,633.01,5697.2,869.76,27.0,129.6,1026.36,18.53,869.76,4670.84,,
Jammu And Kashmir,Srinagar,District Summary,768.75,0.0,87500.0,0.0,87500.0,12930.48,1293.04,11637.44,6574.7,328.42,44.81,6947.93,59.89,6574.7,4689.5,,
Jammu And Kashmir,Srinagar Hilly Area,District Summary,0.0,0.0,0.0,0.0,0.0,0.0,0.0,0.0,0.0,0.0,0.0,0.0,0.0,0.0,0.0,,
Jammu And Kashmir,Udhampur,District Summary,1915.5,4827.62,34641.73,215247.52,249889.25,14845.98,1401.78,13444.2,1771.38,119.9,464.95,2356.22,18.13,1771.36,11088.0,,
Jharkhand,Bokaro,District Summary,1208.84,577.0,262443.0,23495.0,285938.0,20757.54,1780.11,18977.43,4474.46,2135.92,2403.0,9013.38,47.54,4500.54,10532.3,,
Jharkhand,Chatra,District Summary,1148.25,779.0,326087.0,67102.0,393189.0,25860.84,1892.42,23968.42,2012.14,1115.22,6379.75,9507.12,39.7,2023.92,14449.52,,
Jharkhand,Deoghar,District Summary,1309.02,84.0,190698.0,64407.0,255105.0,17070.04,1072.78,15997.26,2975.85,87.66,5458.56,8522.06,53.28,2993.24,7457.81,,
Jharkhand,Dhanbad,District Summary,1388.33,748.0,197673.0,50178.0,247851.0,28056.55,1943.8,26112.75,5985.75,10355.72,2968.0,19309.48,73.94,6020.62,6941.7,,
Jharkhand,Dumka,District Summary,1422.65,10078.0,281367.0,90276.0,371643.0,30500.9,2421.81,28079.1,2555.6,23.62,3746.0,6325.21,22.6,2570.54,21738.94,,
Jharkhand,East Singhbhum,District Summary,1438.36,494.0,250993.0,112342.0,363335.0,28403.7,2314.43,26089.28,5080.99,758.04,1860.0,7699.02,29.51,5110.59,18971.81,,
Jharkhand,Garhwa,District Summary,1088.73,6590.0,291643.0,112832.0,404475.0,29519.11,2527.86,26991.25,2426.95,60.53,7429.38,9916.85,36.75,2441.14,17060.22,,
Jharkhand,Giridih,District Summary,1241.59,180.0,440079.0,68411.0,508490.0,41987.88,3034.04,38953.85,4753.14,1561.76,8892.38,15207.26,39.07,4780.93,23718.8,,
Jharkhand,Godda,District Summary,1180.23,4948.0,166402.0,44707.0,211109.0,23062.87,1774.69,21288.18,2525.98,258.6,1869.0,4653.59,21.86,2540.76,16619.79,,
Jharkhand,Gumla,District Summary,1369.15,3786.0,407115.0,127611.0,534726.0,34837.79,2927.8,31909.98,1881.72,12.54,3789.5,5683.73,17.81,1892.74,26215.25,,
Jharkhand,Hazaribagh,District Summary,1338.26,2341.0,352662.0,78384.0,431046.0,35035.74,2999.03,32036.71,3444.92,470.25,7851.38,11766.54,36.73,3465.04,20250.04,,
Jharkhand,Jamtara,District Summary,1443.8,0.0,98346.0,82083.0,180429.0,9105.97,725.5,8380.46,1542.38,10.16,2280.25,3832.79,45.74,1551.39,4538.66,,
Jharkhand,Khunti,District Summary,1409.24,2712.0,167005.0,93012.0,260017.0,13545.94,1034.62,12511.31,1033.64,12.59,2385.0,3431.23,27.43,1039.69,9074.04,,
Jharkhand,Koderma,District Summary,1129.6,0.0,90902.0,58768.0,149670.0,6896.54,508.48,6388.06,1438.46,98.94,2562.88,4100.27,64.23,1446.88,2279.38,,
Jharkhand,Latehar,District Summary,1279.46,820.0,238513.0,122748.0,361261.0,24925.53,2160.86,22764.66,1407.23,105.74,5109.0,6621.98,29.09,1415.48,16134.44,,
Jharkhand,Lohardaga,District Summary,1238.59,1437.0,127563.0,21683.0,149246.0,19958.07,1941.86,18016.22,908.01,8.17,1833.5,2749.69,15.26,913.3,15261.22,,
Jharkhand,Pakur,District Summary,1660.18,1115.0,127759.0,52800.0,180559.0,26484.5,2648.46,23836.04,1594.71,28.46,1911.5,3534.67,14.84,1604.05,20292.03,,
Jharkhand,Palamu,District Summary,1023.89,6722.0,347344.0,104315.0,451659.0,34129.21,2719.06,31410.15,3805.58,217.36,7198.5,11221.44,35.72,3827.84,20166.45,,
Jharkhand,Ramgarh,District Summary,1307.76,122.0,111267.0,28298.0,139565.0,11420.02,840.88,10579.14,2040.38,2964.06,1457.0,6461.45,61.08,2052.28,4151.08,,
Jharkhand,Ranchi,District Summary,1314.06,3817.0,374308.0,123913.0,498221.0,40502.12,3740.98,36761.15,6246.2,1694.99,9016.12,16957.3,46.12,6282.62,19767.43,,
Jharkhand,Sahibganj,District Summary,1564.25,709.0,114409.0,55796.0,170205.0,30952.9,2718.61,28234.28,2271.93,50.29,2207.0,4529.22,16.04,2285.21,23691.78,,
Jharkhand,Saraikela Kharsawan,District Summary,1322.67,3164.0,202801.0,65416.0,268217.0,17994.32,1478.88,16515.44,2167.03,527.18,1099.5,3793.7,23.02,2179.68,12709.08,,
Jharkhand,Simdega,District Summary,1547.74,1067.0,309060.0,66169.0,375229.0,24016.77,2213.39,21803.38,1160.72,0.0,2034.0,3194.73,14.72,1167.51,18601.88,,
Jharkhand,West Singhbhum,District Summary,1329.25,3846.0,588234.0,133986.0,722220.0,46337.38,4361.17,41976.22,2972.04,29.84,2056.5,5058.38,12.18,2989.4,36900.46,,
Karnataka,Bagalkot,District Summary,661.15,268498.0,628380.0,27812.0,656192.0,66934.83,6693.46,60241.37,4477.1,34.67,44636.9,49148.66,81.65,4958.0,24998.74,,
Karnataka,Ballari,District Summary,623.76,253726.0,375891.0,46726.0,422617.0,70850.18,7085.02,63765.15,1987.67,482.66,14119.5,16589.82,26.04,2395.56,47078.94,,
Karnataka,Belagavi,District Summary,845.01,489899.0,1295629.0,44262.0,1339891.0,119470.51,11400.3,108070.21,12751.68,235.25,63909.55,76896.48,71.15,16451.52,35967.72,,
Karnataka,Bengaluru (Rural),District Summary,842.2,0.0,223651.0,6386.0,230037.0,18090.61,1809.06,16281.54,2634.35,1170.3,20114.6,23919.22,146.92,3085.43,0.0,,
Karnataka,Bengaluru (Urban),District Summary,836.88,0.0,213026.0,6533.0,219559.0,33002.46,3300.26,29702.21,16149.61,13208.08,24643.45,54001.14,181.99,17354.57,0.0,,
Karnataka,Bengaluru South,District Summary,904.44,23643.0,273998.0,78812.0,352810.0,51271.26,5127.14,46144.12,2625.3,952.74,39955.68,43533.74,94.56,2920.23,5171.71,,
Karnataka,Bidar,District Summary,850.23,22397.0,545314.0,139.0,545453.0,37730.57,3754.42,33976.15,4370.68,63.14,17387.25,21821.07,64.2,4725.88,11863.28,,
Karnataka,Chamarajanagara,District Summary,1105.27,79195.0,360940.0,202986.0,563926.0,38639.58,3531.74,35107.84,2461.22,29.73,29847.58,32338.51,92.22,2831.43,4930.12,,
Karnataka,Chikkaballapura,District Summary,919.22,0.0,373482.0,51623.0,425105.0,34063.96,3406.4,30657.56,3034.26,113.27,47436.63,50584.16,165.0,3413.45,0.0,,
Karnataka,Chikkamagaluru,District Summary,1244.7,14356.0,423494.0,297454.0,720948.0,67673.86,6587.8,61086.05,2533.87,101.52,31205.79,33841.18,55.4,2902.7,28037.74,,
Karnataka,Chitradurga,District Summary,569.35,14440.0,800461.0,43012.0,843473.0,41693.37,4101.96,37591.4,3954.12,105.56,47996.67,52056.34,138.74,4412.04,827.22,,
Karnataka,Dakshina Kannada,District Summary,4046.12,0.0,357624.0,128476.0,486100.0,74107.24,7410.72,66696.52,5188.56,53.12,24767.62,30009.3,45.0,5967.78,35908.0,,
Karnataka,Davanagere,District Summary,732.57,148880.0,409552.0,38412.0,447964.0,62624.86,6033.59,56591.26,3669.6,229.09,46815.05,50713.76,89.64,3924.28,18557.44,,
Karnataka,Dharwad,District Summary,770.68,70964.0,416328.0,9157.0,425485.0,32730.54,3273.06,29457.48,1902.46,107.6,14513.64,16523.69,56.08,2061.64,12774.62,,
Karnataka,Gadag,District Summary,710.9,177170.0,435987.0,29528.0,465515.0,34347.46,3133.44,31214.02,679.21,29.46,23714.37,24423.06,78.37,848.82,8655.83,,
Karnataka,Hassan,District Summary,932.68,117342.0,596297.0,85569.0,681866.0,86230.05,8373.36,77856.69,1169.3,39.7,48274.58,49483.59,63.59,1249.85,32976.7,,
Karnataka,Haveri,District Summary,823.72,187241.0,473754.0,8010.0,481764.0,60278.33,6027.84,54250.49,2004.58,73.02,34511.54,36589.12,67.6,2569.46,19219.75,,
Karnataka,Kalburgi,District Summary,837.58,351812.0,1096267.0,1262.0,1097529.0,73389.4,7320.25,66069.15,7309.25,47.7,22316.49,29673.45,44.88,8511.06,35757.08,,
Karnataka,Kodagu,District Summary,2215.34,5287.0,202583.0,208756.0,411339.0,23910.48,2266.28,21644.2,933.16,97.42,6656.38,7686.98,35.52,1009.75,13880.62,,
Karnataka,Kolara,District Summary,822.03,0.0,382763.0,16230.0,398993.0,38955.74,3895.58,35060.16,4166.57,199.9,61949.47,66315.95,188.89,4633.92,0.0,,
Karnataka,Koppal,District Summary,627.34,230119.0,539866.0,17738.0,557604.0,65716.61,6465.48,59251.12,2812.76,227.77,33909.42,36949.95,62.38,3218.66,26332.3,,
Karnataka,Mandya,District Summary,733.24,322094.0,481743.0,13828.0,495571.0,70855.95,6798.53,64057.4,3961.93,82.24,37483.63,41527.84,64.84,4126.83,25694.78,,
Karnataka,Mysuru,District Summary,811.5,220978.0,611645.0,19411.0,631056.0,71019.31,7031.26,63988.05,3666.82,92.69,27716.06,31475.57,49.26,4128.03,32173.21,,
Karnataka,Raichur,District Summary,566.44,443588.0,838667.0,8325.0,846992.0,82862.81,7945.87,74916.94,3337.34,178.02,30644.28,34159.65,45.68,4161.06,41713.29,,
Karnataka,Shivamogga,District Summary,1916.45,80956.0,674731.0,172586.0,847317.0,109299.3,10578.79,98720.51,2705.52,269.44,38242.13,41217.08,41.76,2866.84,59509.74,,
Karnataka,Tumakuru,District Summary,745.35,202147.0,991597.0,68728.0,1060325.0,84873.95,8487.4,76386.55,5826.87,159.95,63635.36,69622.16,91.15,6437.28,15229.96,,
Karnataka,Udupi,District Summary,4419.64,0.0,286998.0,70074.0,357072.0,53322.16,5332.22,47989.94,2117.53,59.3,13950.72,16127.54,33.62,2227.82,31752.1,,
Karnataka,Uttara Kannada,District Summary,2600.68,0.0,658548.0,371143.0,1029691.0,92120.2,8909.65,83210.55,3157.12,26.55,22911.01,26094.68,31.37,3310.38,56962.61,,
Karnataka,Vijayanagara,District Summary,655.47,57639.0,539753.0,27012.0,566765.0,41719.8,3793.38,37926.43,1582.65,32.16,30351.0,31965.8,84.47,1768.68,8213.14,,
Karnataka,Vijayapura,District Summary,612.68,968711.94,1048841.16,1462.87,1050304.04,101922.9,9984.12,91938.77,5102.62,44.26,35792.37,40939.24,44.52,5628.06,52034.82,,
Karnataka,Yadgir,District Summary,837.18,349278.0,515282.0,12217.0,527499.0,59843.68,5829.56,54014.12,3103.47,1169.97,16140.15,20413.58,37.79,3609.48,33981.96,,
Kerala,Alappuzha,District Summary,2688.5,0.0,141403.0,0.0,141403.0,38812.04,3137.04,35675.0,9771.22,262.07,3737.24,13770.54,38.6,9918.49,21757.18,,
Kerala,Ernakulam,District Summary,3146.2,0.0,226947.5,67499.5,294447.0,49147.44,4817.7,44329.74,12348.09,241.28,7933.27,20522.63,46.06,14535.88,21619.34,,
Kerala,Idukki,District Summary,3264.24,0.0,108891.0,326914.0,435805.0,22027.86,2202.78,19825.08,4052.82,13.27,6066.22,10132.31,51.17,4086.62,9658.96,,
Kerala,Kannur,District Summary,3278.5,0.0,232396.0,64400.0,296796.0,43814.2,4381.43,39432.77,10446.76,48.36,8280.89,18776.0,47.55,11866.74,19301.88,,
Kerala,Kasargod,District Summary,3453.0,0.0,164830.0,31300.0,196130.0,34968.06,3496.81,31471.25,6452.78,13.65,15937.92,22404.34,71.18,8517.96,7419.72,,
Kerala,Kollam,District Summary,2361.0,0.0,211200.0,37900.0,249100.0,36640.68,3567.96,33072.73,11185.09,26.1,4919.16,16130.36,48.74,11555.75,16571.71,,
Kerala,Kottayam,District Summary,2937.81,0.0,197088.0,25000.0,222088.0,41918.34,3922.04,37996.3,8190.19,15.76,4897.69,13103.62,34.5,8415.39,24667.46,,
Kerala,Kozhikkode,District Summary,3365.42,0.0,166180.0,68050.0,234230.0,34046.17,3358.5,30687.66,13902.9,6.64,4533.5,18443.04,60.06,17341.6,9449.73,,
Kerala,Malappuram,District Summary,2744.88,0.0,254181.0,100800.0,354981.0,50168.5,4884.06,45284.45,22122.44,6.4,9841.11,31969.96,70.46,35487.3,10777.06,,
Kerala,Palakkad,District Summary,2182.7,0.0,298228.0,149394.0,447622.0,62920.03,5885.86,57034.18,14186.54,612.64,18014.34,32813.53,57.5,17850.6,21579.35,,
Kerala,Pathanamthitta,District Summary,2776.4,0.0,129665.0,133010.0,262675.0,26085.86,2505.46,23580.4,3688.53,6.34,3776.15,7471.02,31.68,3851.76,15946.13,,
Kerala,Thiruvananthapuram,District Summary,1813.82,0.0,194297.0,24500.0,218797.0,28460.93,2508.06,25952.87,11830.78,7.98,4892.46,16731.23,64.42,12487.57,8564.85,,
Kerala,Thrissur,District Summary,2986.03,0.0,236685.0,65700.0,302385.0,63395.13,5964.5,57430.64,12919.72,45.56,20508.39,33473.65,58.28,14520.07,22356.64,,
Kerala,Wayanad,District Summary,3060.4,0.0,142762.0,70300.0,213062.0,23795.93,2379.6,21416.33,3919.83,1.3,1503.38,5424.51,25.34,4400.23,15511.42,,
Ladakh,Kargil,District Summary,89.3,0.0,24900.0,668100.0,693000.0,1560.85,156.07,1404.78,454.57,17.9,7.24,479.72,34.15,454.57,925.06,,
Ladakh,Leh,District Summary,62.4,0.0,71400.0,2799200.0,2870600.0,5181.04,518.12,4662.92,1281.61,49.86,65.67,1397.16,29.96,1281.61,3265.76,,
Lakshdweep,Amini,District Summary,1805.54,0.0,571.0,0.0,571.0,247.78,120.28,127.5,67.88,0.0,0.0,67.87,53.23,73.64,53.86,,
Lakshdweep,Androth,District Summary,1805.54,0.0,712.0,0.0,712.0,311.88,149.97,161.91,86.18,0.0,0.0,86.18,53.22,93.7,68.2,,
Lakshdweep,Kavaratti,District Summary,1805.54,0.0,634.0,0.0,634.0,269.72,133.55,136.17,101.23,0.0,0.0,101.23,74.34,110.07,26.1,,
Lakshdweep,Kiltan,District Summary,1805.54,0.0,267.0,0.0,267.0,114.46,56.24,58.22,30.82,0.0,0.0,30.82,52.94,33.18,25.04,,
Lakshdweep,Minicoy,District Summary,1886.77,0.0,437.0,0.0,437.0,189.08,96.2,92.88,57.23,0.0,0.0,57.22,61.86,62.24,30.66,,
Madhya Pradesh,Agar Malwa,District Summary,998.95,11375.0,251576.0,20617.0,272193.0,43467.89,2173.4,41294.49,1703.14,5.24,36037.97,37746.36,91.41,1895.9,6086.46,,
Madhya Pradesh,Alirajpur,District Summary,876.85,0.0,305400.0,26400.0,331800.0,23628.41,1181.41,22447.0,1956.34,0.0,7399.84,9356.15,41.68,2281.98,12765.21,,
Madhya Pradesh,Anuppur,District Summary,1259.45,0.0,294200.0,78200.0,372400.0,28692.66,1434.64,27258.02,1587.58,3929.08,1662.78,7179.46,26.38,1665.54,20000.61,,
Madhya Pradesh,Ashoknagar,District Summary,924.16,20650.0,462244.0,5150.0,467394.0,40048.42,2002.44,38045.98,1862.97,1.41,21933.56,23797.94,62.55,2105.81,14005.22,,
Madhya Pradesh,Balaghat,District Summary,1471.6,101503.0,891793.0,31107.0,922900.0,76152.27,4436.91,71715.37,3918.72,431.48,12526.58,16876.81,23.54,4250.7,54506.58,,
Madhya Pradesh,Barwani,District Summary,728.75,68712.0,366831.0,175369.0,542200.0,56222.82,3097.1,53125.72,3843.66,37.99,33523.96,37405.63,70.41,4816.85,19389.74,,
Madhya Pradesh,Betul,District Summary,1081.3,26248.0,856450.0,147850.0,1004300.0,104978.53,5314.36,99664.17,3795.64,168.93,45568.6,49533.17,49.7,4240.5,49686.12,,
Madhya Pradesh,Bhind,District Summary,951.0,179891.0,445900.0,0.0,445900.0,96376.98,5596.64,90780.34,3636.54,248.88,25933.46,29818.88,32.84,4094.88,60503.1,,
Madhya Pradesh,Bhopal,District Summary,1068.65,0.0,264800.0,12437.0,277237.0,39082.53,1954.13,37128.4,5258.14,850.93,23788.08,29897.14,80.54,6373.48,6820.6,,
Madhya Pradesh,Burhanpur,District Summary,883.8,11289.0,257050.0,66250.0,323300.0,36778.37,1838.92,34939.45,1772.99,71.04,22739.79,24583.82,70.39,2079.16,10049.46,,
Madhya Pradesh,Chhatarpur,District Summary,1095.1,116640.0,790434.0,78302.0,868736.0,88495.64,4428.46,84067.18,3181.46,90.49,50793.32,54065.28,64.31,3695.06,29488.28,,
Madhya Pradesh,Chhindwara,District Summary,1221.6,9845.5,806527.5,285972.5,1092500.0,98147.16,5870.92,92276.23,5047.7,569.26,50846.74,56463.71,61.11,5647.73,35326.89,,
Madhya Pradesh,Damoh,District Summary,1172.65,57667.0,474619.0,255981.0,730600.0,39919.6,1995.98,37923.62,2382.24,303.44,19507.86,22193.59,58.52,2990.85,15121.44,,
Madhya Pradesh,Datia,District Summary,963.8,132097.0,266200.0,2900.0,269100.0,49799.1,2772.13,47026.97,1810.66,33.36,14552.23,16396.25,34.86,2111.07,30330.3,,
Madhya Pradesh,Dewas,District Summary,1069.0,18544.0,577082.0,125002.0,702084.0,87934.56,4408.95,83525.61,4398.73,98.91,62006.78,66504.43,79.62,5052.59,18423.32,,
Madhya Pradesh,Dhar,District Summary,902.3,149070.0,812640.0,2660.0,815300.0,137964.24,6898.22,131066.02,6234.38,635.01,79989.42,86858.78,66.27,7613.28,54805.34,,
Madhya Pradesh,Dindori,District Summary,1376.7,0.0,456000.0,116500.0,572500.0,32494.6,1624.72,30869.87,1895.44,0.18,2445.54,4341.15,14.07,2219.44,26204.71,,
Madhya Pradesh,Guna,District Summary,1082.0,37209.0,617514.0,21486.0,639000.0,90359.12,4517.97,85841.14,2595.18,259.91,53474.66,56329.73,65.61,3025.0,29081.6,,
Madhya Pradesh,Gwalior,District Summary,879.0,131133.0,428300.0,28100.0,456400.0,81925.68,4096.28,77829.39,5639.95,293.42,19950.6,25884.0,33.26,6858.8,51495.97,,
Madhya Pradesh,Harda,District Summary,1374.5,79150.0,270090.0,62910.0,333000.0,47597.07,2379.85,45217.23,1274.34,16.17,15344.92,16635.43,36.79,1478.17,28377.96,,
Madhya Pradesh,Hoshangabad,District Summary,1437.7,253623.0,558352.0,112048.0,670400.0,186695.67,9335.56,177360.1,2292.89,18.64,43623.24,45934.74,25.9,2467.6,131250.65,,
Madhya Pradesh,Indore,District Summary,932.8,5376.0,381897.0,7903.0,389800.0,57900.04,2894.99,55005.06,8137.26,1572.62,55411.74,65121.63,118.4,10740.6,2419.72,,
Madhya Pradesh,Jabalpur,District Summary,1227.3,80876.0,443868.0,78225.0,522093.0,64447.37,3222.38,61225.0,5905.46,329.47,27096.14,33331.06,54.44,7391.9,27362.38,,
Madhya Pradesh,Jhabua,District Summary,892.5,17018.0,311253.0,34747.0,346000.0,28642.18,1432.1,27210.07,2902.52,6.4,8800.75,11709.66,43.0,3700.6,14702.32,,
Madhya Pradesh,Katni,District Summary,1171.4,33404.0,466648.0,22752.0,489400.0,42091.48,2104.58,39986.89,2857.97,1017.49,14997.59,18873.06,47.2,3349.4,20622.39,,
Madhya Pradesh,Khandwa,District Summary,950.97,92560.0,581446.0,171004.0,752450.0,122553.45,8926.36,113627.1,3134.03,50.96,42018.11,45203.1,39.78,3669.07,67968.58,,
Madhya Pradesh,Khargone,District Summary,950.3,161918.0,656897.0,146103.0,803000.0,100801.5,5385.68,95415.8,4630.37,78.26,37971.12,42679.7,44.73,5449.23,51917.24,,
Madhya Pradesh,Maihar,District Summary,1075.5,2000.0,209985.0,27872.0,237857.0,22672.25,1496.71,21175.54,1896.57,1094.1,11878.56,14869.25,70.22,2367.21,5835.65,,
Madhya Pradesh,Mandla,District Summary,1445.1,31070.0,573990.0,180410.0,754400.0,46439.18,2321.96,44117.22,2594.06,9.47,7519.22,10122.76,22.98,2951.64,33636.89,,
Madhya Pradesh,Mandsaur,District Summary,880.9,74088.0,495640.0,57366.0,553006.0,70360.3,3518.02,66842.28,3521.36,58.57,63832.48,67412.42,100.87,3881.78,7366.06,,
Madhya Pradesh,Mauganj,District Summary,1143.1,0.0,170990.0,15600.0,186590.0,14237.16,711.87,13525.29,1571.01,15.3,5614.66,7200.98,53.24,2085.08,5810.23,,
Madhya Pradesh,Morena,District Summary,753.0,224789.0,438489.0,58400.0,496889.0,74614.67,3730.74,70883.93,6030.85,885.9,23184.0,30100.76,42.48,7129.04,39684.98,,
Madhya Pradesh,Narsinghpur,District Summary,1243.1,52769.0,479100.0,34200.0,513300.0,126846.67,6342.33,120504.34,2389.79,199.66,76955.68,79545.14,66.01,2635.89,40713.1,,
Madhya Pradesh,Neemuch,District Summary,852.53,17976.0,375744.0,44300.0,420044.0,39348.18,1967.42,37380.76,1800.04,90.66,36051.43,37942.12,101.5,1980.04,2592.52,,
Madhya Pradesh,Niwari,District Summary,1024.35,12830.0,152562.0,3900.0,156462.0,20305.16,1015.27,19289.9,1177.12,5.79,11777.93,12960.83,67.19,1675.5,5830.7,,
Madhya Pradesh,Pandhurna,District Summary,1221.6,6931.0,156499.0,21501.0,178000.0,20002.95,1000.14,19002.81,910.05,40.73,12982.42,13933.19,73.32,994.04,4985.62,,
Madhya Pradesh,Panna,District Summary,1176.3,32712.0,662475.0,51025.0,713500.0,54014.74,2848.92,51165.82,2534.73,294.18,16241.6,19070.52,37.28,2904.74,31725.29,,
Madhya Pradesh,Raisen,District Summary,1196.1,58600.0,660940.0,185700.0,846640.0,97263.62,5483.54,91780.08,3513.16,612.59,43685.46,47811.19,52.1,4242.3,43239.72,,
Madhya Pradesh,Rajgarh,District Summary,999.6,0.0,615498.0,0.0,615498.0,94493.22,4724.66,89768.56,4244.54,2.27,75410.77,79657.57,88.74,5219.52,10661.19,,
Madhya Pradesh,Ratlam,District Summary,953.5,8614.0,461600.0,24500.0,486100.0,83957.4,4450.9,79506.5,4668.06,41.59,101519.98,106229.62,133.62,8933.78,2412.19,,
Madhya Pradesh,Rewa,District Summary,1143.1,85364.0,508265.0,29800.0,538065.0,47818.45,2390.93,45427.52,5044.22,178.08,20074.86,25297.16,55.85,5751.22,19423.35,,
Madhya Pradesh,Sagar,District Summary,1169.55,40053.0,925418.0,99782.0,1025200.0,109215.06,5829.91,103385.16,3888.93,153.3,57464.37,61506.6,59.5,4556.48,41211.01,,
Madhya Pradesh,Satna,District Summary,1075.5,46108.0,567113.5,65974.0,633087.5,67483.68,3374.19,64109.5,3929.79,1091.54,35803.4,40824.74,63.58,4306.7,25262.48,,
Madhya Pradesh,Sehore,District Summary,1217.7,95559.0,463972.0,193828.0,657800.0,71029.02,3551.44,67477.57,2590.59,138.25,40023.07,42751.92,63.36,3031.7,24356.4,,
Madhya Pradesh,Seoni,District Summary,1323.6,71956.0,805020.0,70780.0,875800.0,70881.32,3544.08,67337.25,3403.12,12.37,26412.21,29827.68,44.31,3881.94,37030.75,,
Madhya Pradesh,Shahdol,District Summary,1152.87,5047.0,497800.0,86300.0,584100.0,49972.18,2498.62,47473.56,2357.04,1676.23,3523.97,7557.24,15.94,2538.71,39734.66,,
Madhya Pradesh,Shajapur,District Summary,998.95,0.0,340617.0,6708.0,347325.0,56579.0,2828.94,53750.06,2223.73,55.11,54026.72,56305.55,104.76,2472.76,2354.81,,
Madhya Pradesh,Sheopur,District Summary,799.2,71150.0,533480.0,127120.0,660600.0,55871.96,4403.94,51468.02,1867.08,44.79,17744.41,19656.28,38.19,2221.08,31457.73,,
Madhya Pradesh,Shivpuri,District Summary,994.9,69421.0,977049.0,50751.0,1027800.0,90252.48,6373.71,83878.76,4794.04,42.99,51027.18,55864.23,66.6,5686.91,27121.67,,
Madhya Pradesh,Sidhi,District Summary,1142.93,48890.0,360405.0,124995.0,485400.0,31099.64,1554.98,29544.67,2988.88,88.26,7997.25,11074.4,37.5,3265.92,18193.22,,
Madhya Pradesh,Singrauli,District Summary,1068.1,6602.0,451260.0,115940.0,567200.0,36764.98,1838.24,34926.74,2741.57,2222.25,9707.11,14670.94,42.02,3294.66,19702.71,,
Madhya Pradesh,Tikamgarh,District Summary,1024.35,26862.0,335538.0,12800.0,348338.0,40614.2,2030.71,38583.49,3208.28,0.0,27391.7,30600.0,79.32,4838.35,6910.74,,
Madhya Pradesh,Ujjain,District Summary,967.8,0.0,593933.0,19090.0,613023.0,99254.56,4962.74,94291.82,3974.52,59.59,96983.99,101018.1,107.13,4462.93,9634.81,,
Madhya Pradesh,Umaria,District Summary,1222.6,0.0,421900.0,32000.0,453900.0,36882.68,1844.14,35038.55,1616.55,528.72,4743.46,6888.72,19.67,1854.96,27911.43,,
Madhya Pradesh,Vidisha,District Summary,1111.45,76287.0,670770.0,66330.0,737100.0,95264.24,4992.43,90271.82,4064.0,16.21,53909.55,57989.77,64.24,4745.35,31636.69,,
Maharashtra,Ahilyanagar,District Summary,573.23,366203.14,1562475.0,0.0,1562475.0,162721.78,8202.3,154519.48,6218.26,0.0,113462.38,119680.64,77.82,6218.3,44223.26,,
Maharashtra,Akola,District Summary,782.04,48014.32,514164.87,0.0,514164.87,45368.48,3232.73,42135.76,2375.55,0.59,22377.0,24753.19,64.02,2375.6,13414.87,,
Maharashtra,Amravati,District Summary,858.79,48476.0,839239.0,0.0,839239.0,94447.32,6892.04,87555.28,5242.79,0.0,60837.14,66080.02,78.04,5242.75,22934.72,,
Maharashtra,Beed,District Summary,695.78,104227.0,1035205.0,0.0,1035205.0,130677.57,6692.5,123985.06,4942.82,39.65,68169.16,73151.57,59.0,4942.86,50833.5,,
Maharashtra,Bhandara,District Summary,1449.95,106831.0,396497.0,0.0,396497.0,94147.43,6981.45,87165.98,3696.86,171.32,22333.3,26201.5,30.06,3767.18,60894.16,,
Maharashtra,Buldhana,District Summary,756.69,62489.0,820615.0,0.0,820615.0,94076.2,5308.92,88767.28,3365.36,0.0,61013.46,64378.96,73.31,3365.37,26259.93,,
Maharashtra,Ch.Sambhajinagar,District Summary,669.14,152345.0,950174.0,0.0,950174.0,118974.99,5987.68,112987.31,3462.54,0.0,69352.38,72814.94,64.44,3462.48,40172.38,,
Maharashtra,Chandrapur,District Summary,1288.36,84979.0,1047657.0,0.0,1047657.0,116990.7,6338.75,110651.96,17833.18,23.96,14945.32,32802.59,29.65,17833.15,77849.34,,
Maharashtra,Dharashiv,District Summary,768.63,40245.0,671628.0,0.0,671628.0,89589.4,4519.43,85069.97,2315.87,0.79,48444.88,50761.56,59.67,2315.85,34483.34,,
Maharashtra,Dhule,District Summary,643.36,49061.0,642132.0,0.0,642132.0,75633.8,4032.52,71601.28,1756.46,102.74,33892.05,35751.25,49.98,1756.46,35850.02,,
Maharashtra,Gadchiroli,District Summary,1295.2,22679.71,886649.1,0.0,886649.1,107540.45,6133.52,101406.94,4750.98,1.55,21811.75,26564.42,26.2,4751.0,74842.52,,
Maharashtra,Gondiya,District Summary,1495.17,81245.98,459704.75,0.0,459704.75,66404.73,4318.1,62086.64,6029.98,318.71,10181.03,16529.7,26.62,6029.97,45556.94,,
Maharashtra,Hingoli,District Summary,966.51,169191.0,466241.0,0.0,466241.0,103070.34,5186.85,97883.49,2159.14,2.53,36321.88,38483.56,39.32,2159.14,59489.12,,
Maharashtra,Jalgaon,District Summary,687.25,167090.0,1137883.0,0.0,1137883.0,144542.63,7877.65,136664.98,4887.81,314.69,101250.64,106453.12,77.9,4887.79,36815.87,,
Maharashtra,Jalna,District Summary,772.56,54299.44,771800.0,0.0,771800.0,91203.66,4616.27,86587.38,1280.72,118.16,42575.28,43974.2,50.88,5479.52,39612.0,,
Maharashtra,Kolhapur,District Summary,1674.1,18529.67,562176.0,0.0,562176.0,135856.4,8087.14,127769.26,2141.73,0.0,52185.89,54327.62,42.52,2141.73,73441.65,,
Maharashtra,Latur,District Summary,714.26,44924.0,663548.0,0.0,663548.0,72221.55,3881.78,68339.76,2199.63,192.54,32845.94,35238.08,51.6,2199.62,33465.38,,
Maharashtra,Mumbai,District Summary,2205.0,0.0,7004.0,0.0,7004.0,1555.42,77.77,1477.65,619.37,60.77,0.0,680.14,46.03,619.37,797.51,,
Maharashtra,Mumbai Suburban,District Summary,2141.85,0.0,36494.0,0.0,36494.0,7494.76,465.14,7029.62,1787.66,82.27,0.0,1869.91,26.63,1787.67,5159.71,,
Maharashtra,Nagpur,District Summary,1164.94,226924.0,799042.0,0.0,799042.0,125988.52,7301.36,118687.16,10252.49,940.15,44087.11,55279.74,46.77,10252.51,63469.34,,
Maharashtra,Nanded,District Summary,1024.43,124499.6,1017771.0,0.0,1017771.0,125298.82,6310.68,118988.14,3385.9,1.21,34865.24,38252.33,32.15,3385.92,80759.0,,
Maharashtra,Nandurbar,District Summary,939.24,18153.0,415278.0,0.0,415278.0,51934.26,2716.45,49217.81,2991.68,0.0,17562.46,20554.14,41.76,2991.68,28663.66,,
Maharashtra,Nashik,District Summary,981.76,165024.0,1348856.0,0.0,1348856.0,201024.86,11117.28,189907.58,3593.64,1202.37,104646.41,109442.36,57.63,3593.61,86189.74,,
Maharashtra,Palghar,District Summary,2503.65,17880.0,276086.0,0.0,276086.0,22231.86,1396.45,20835.41,1017.23,43.8,3907.86,4968.88,23.84,1017.24,15866.54,,
Maharashtra,Parbhani,District Summary,884.26,253138.0,621400.0,0.0,621400.0,87009.61,4447.0,82562.61,1950.18,0.0,36212.33,38162.49,46.22,1950.17,44400.14,,
Maharashtra,Pune,District Summary,681.78,337817.1,1275728.02,0.0,1275728.02,198823.16,13678.08,185145.09,8454.74,0.0,117212.0,125666.61,63.87,8454.77,72433.31,,
Maharashtra,Raigad,District Summary,3015.54,15294.0,374759.0,0.0,374759.0,37614.89,1923.92,35690.98,2073.52,39.2,4261.77,6354.9,17.82,2073.52,29350.7,,
Maharashtra,Ratnagiri,District Summary,3464.38,6247.0,511307.0,0.0,511307.0,41212.05,2293.94,38918.11,1333.6,0.0,5602.73,6936.34,17.82,1333.63,31981.76,,
Maharashtra,Sangli,District Summary,653.92,353157.36,842758.24,0.0,842758.24,144536.33,9420.89,135115.44,3413.7,0.0,66866.91,70280.62,53.12,3413.66,62311.56,,
Maharashtra,Satara,District Summary,1060.54,74325.75,877507.0,0.0,877507.0,116385.93,7280.02,109105.91,4910.71,0.0,60704.92,65615.66,60.24,4910.73,43823.77,,
Maharashtra,Sindhudurg,District Summary,3463.96,2260.56,279305.5,0.0,279305.5,23408.24,1178.06,22230.17,2246.35,7.16,7533.76,9783.67,44.01,2246.35,12446.5,,
Maharashtra,Solapur,District Summary,663.55,197286.0,1483890.0,0.0,1483890.0,147127.3,7522.52,139604.78,4853.01,2.65,99492.86,104348.54,74.76,4853.01,40004.32,,
Maharashtra,Thane,District Summary,2526.54,10493.0,233447.0,0.0,233447.0,17284.34,956.22,16328.12,739.26,0.0,2390.66,3129.9,19.16,739.26,13198.22,,
Maharashtra,Wardha,District Summary,998.28,204128.0,581216.0,0.0,581216.0,91693.27,4737.97,86955.3,3455.49,118.8,38993.65,42567.91,48.98,3455.53,44719.93,,
Maharashtra,Washim,District Summary,911.16,27347.49,481196.42,0.0,481196.42,63308.22,3283.5,60024.72,2127.2,8.51,32127.23,34262.96,57.08,2127.19,25761.75,,
Maharashtra,Yavatmal,District Summary,1008.84,193775.68,1144066.67,0.0,1144066.67,125496.64,6777.7,118718.94,7654.35,39.67,37357.49,45051.5,37.94,7654.34,73671.02,,
Manipur,Bishnupur,District Summary,1987.59,0.0,49600.0,0.0,49600.0,10798.2,1079.82,9718.38,273.88,6.0,327.0,603.88,6.28,290.49,9097.9,,
Manipur,Chandel,District Summary,0.0,0.0,0.0,331300.0,331300.0,0.0,0.0,0.0,0.0,0.0,0.0,0.0,0.0,0.0,0.0,,
Manipur,Churachanpur,District Summary,2133.46,0.0,32100.0,424900.0,457000.0,7465.28,746.53,6718.75,183.2,18.0,270.0,462.2,6.96,184.22,6255.54,,
Manipur,Imphal East,District Summary,1717.14,0.0,70900.0,0.0,70900.0,13817.98,1381.8,12436.18,479.58,21.0,573.0,1073.58,8.68,482.14,11360.04,,
Manipur,Imphal West,District Summary,1547.4,0.0,51900.0,0.0,51900.0,8722.29,872.22,7850.08,544.73,18.0,285.0,847.72,10.8,547.67,6999.4,,
Manipur,Senapati,District Summary,0.0,0.0,0.0,327100.0,327100.0,0.0,0.0,0.0,0.0,0.0,0.0,0.0,0.0,0.0,0.0,,
Manipur,Tamenglong,District Summary,0.0,0.0,0.0,439100.0,439100.0,0.0,0.0,0.0,0.0,0.0,0.0,0.0,0.0,0.0,0.0,,
Manipur,Thoubal,District Summary,1276.78,0.0,51400.0,0.0,51400.0,7176.14,717.62,6458.52,443.94,0.0,240.0,683.94,10.68,446.33,5772.18,,
Manipur,Ukhrul,District Summary,0.0,0.0,0.0,454400.0,454400.0,0.0,0.0,0.0,0.0,0.0,0.0,0.0,0.0,0.0,0.0,,
Meghalaya,East Garo Hills,District Summary,2975.0,0.0,50215.0,94085.0,144300.0,8960.02,896.0,8064.02,342.58,0.0,0.0,342.58,4.27,428.2,7635.83,,
Meghalaya,East Jaintia Hills,District Summary,2320.0,0.0,82735.0,121265.0,204000.0,16874.97,1687.5,15187.47,192.68,38.84,0.0,212.1,1.4,252.8,14915.26,,
Meghalaya,East Khasi Hills,District Summary,4032.0,0.0,86732.0,188068.0,274800.0,22255.7,2225.56,20030.13,656.13,18.67,0.0,674.79,3.38,786.98,19224.5,,
Meghalaya,North Garo Hills,District Summary,2803.0,0.0,37031.0,78969.0,116000.0,9038.68,991.44,8047.24,411.56,81.36,1.8,454.04,5.67,505.08,7499.68,,
Meghalaya,Ri Bhoi,District Summary,2030.0,0.0,68878.0,175922.0,244800.0,6531.92,653.18,5878.74,318.38,27.6,0.0,345.98,5.88,418.4,5432.72,,
Meghalaya,South Garo Hills,District Summary,4210.0,0.0,65957.0,122743.0,188700.0,23501.58,2350.17,21151.42,254.08,0.36,0.0,254.26,1.2,314.32,20836.92,,
Meghalaya,South West Garo Hills,District Summary,1634.0,0.0,42520.0,44080.0,86600.0,4963.18,804.1,4159.08,253.29,0.0,511.92,765.22,18.48,273.57,3373.59,,
Meghalaya,South West Khasi Hills,District Summary,3918.0,0.0,48537.0,85563.0,134100.0,14345.48,1434.54,12910.94,136.6,0.0,0.0,136.6,1.06,171.88,12739.06,,
Meghalaya,West Garo Hills,District Summary,2678.0,0.0,127784.0,153316.0,281100.0,21336.25,3021.62,18314.62,997.06,2.56,2297.7,3297.32,17.95,1244.62,15924.86,,
Meghalaya,West Jaintia Hills,District Summary,2320.0,0.0,79186.0,98714.0,177900.0,11210.47,1121.05,10089.42,600.73,3.29,0.0,602.38,5.97,810.23,9277.54,,
Meghalaya,West Khasi Hills,District Summary,4062.0,0.0,123970.0,266630.0,390600.0,32835.63,3283.57,29552.06,458.11,0.33,0.0,458.27,1.56,585.46,28966.44,,
Mizoram,Aizawl,District Summary,2233.23,0.0,21734.0,335866.0,357600.0,1548.17,154.83,1393.34,198.72,0.0,0.0,198.74,14.27,210.21,1183.12,,
Mizoram,Champhai,District Summary,1736.5,0.0,28673.0,289827.0,318500.0,1591.57,159.16,1432.41,44.28,0.0,0.0,44.28,3.09,45.72,1386.69,,
Mizoram,Kolasib,District Summary,2223.5,0.0,39515.0,98685.0,138200.0,2805.72,280.57,2525.15,31.33,0.0,0.0,31.32,1.25,33.36,2491.8,,
Mizoram,Lawngtlai,District Summary,2012.5,0.0,52075.0,203625.0,255700.0,3357.6,335.76,3021.83,103.06,0.0,0.0,103.06,3.41,113.37,2908.47,,
Mizoram,Lunglei,District Summary,2130.0,0.0,74487.0,381213.0,455700.0,5054.38,505.44,4548.94,190.46,0.0,0.0,190.47,4.19,194.72,4354.22,,
Mizoram,Mamit,District Summary,2209.5,0.0,71631.0,228769.0,300400.0,5083.23,508.32,4574.91,101.52,0.0,0.0,101.52,2.22,112.9,4462.01,,
Mizoram,Saiha,District Summary,2255.5,0.0,10660.0,129240.0,139900.0,769.96,77.0,692.96,40.13,0.0,0.0,40.12,5.79,41.84,651.12,,
Mizoram,Serchhip,District Summary,1716.5,0.0,16166.0,125934.0,142100.0,891.91,89.2,802.72,47.88,0.0,0.0,47.88,5.96,49.83,752.88,,
Nagaland,Dimapur,District Summary,1744.96,0.0,63045.67,29654.33,92700.0,22965.73,1680.54,21285.19,815.5,2.93,660.52,1478.94,6.94,968.49,19653.26,,
Nagaland,Kiphire,District Summary,1074.1,0.0,3576.2,109423.8,113000.0,546.1,54.61,491.48,9.41,0.0,0.0,9.41,1.92,9.8,481.69,,
Nagaland,Kohima,District Summary,1779.3,0.0,28263.57,118036.43,146300.0,3717.54,371.75,3345.8,214.16,0.2,0.0,214.36,6.6,251.68,3093.9,,
Nagaland,Longleng,District Summary,1879.5,0.0,12889.62,43310.38,56200.0,1523.72,152.36,1371.36,7.61,0.0,0.0,7.61,0.55,12.1,1359.26,,
Nagaland,Mokokchung,District Summary,2080.4,0.0,55042.96,106457.04,161500.0,6267.92,626.81,5641.12,62.87,0.0,57.97,120.83,2.14,63.26,5519.9,,
Nagaland,Mon,District Summary,1469.1,0.0,61512.44,117087.56,178600.0,4530.3,453.02,4077.27,139.48,0.26,9.14,148.87,3.66,139.59,3928.27,,
Nagaland,Peren,District Summary,1394.2,0.0,63838.44,101261.56,165100.0,5266.92,526.7,4740.22,78.76,0.0,137.71,216.47,4.53,81.46,4521.04,,
Nagaland,Phek,District Summary,1295.1,0.0,11309.0,191291.0,202600.0,1521.34,152.14,1369.2,37.5,0.0,0.0,37.5,2.88,40.23,1328.97,,
Nagaland,Tuensang,District Summary,2079.5,0.0,10123.43,243476.57,253600.0,2167.92,216.8,1951.13,45.36,0.0,0.0,45.36,2.64,47.19,1903.94,,
Nagaland,Wokha,District Summary,2166.76,0.0,66920.62,95879.38,162800.0,8154.99,815.5,7339.48,168.58,0.5,6.9,175.98,2.41,172.48,7159.58,,
Nagaland,Zunheboto,District Summary,2080.4,0.0,8985.47,116514.53,125500.0,1825.56,182.56,1643.0,58.23,0.68,0.0,58.92,3.6,58.3,1584.0,,
Odisha,Angul,District Summary,1290.86,14443.0,508585.0,130761.0,639346.0,58607.7,3922.42,54685.27,4573.92,1270.75,23904.64,29749.32,54.4,5639.25,23871.7,,
Odisha,Balasore,District Summary,1715.34,23826.0,356477.0,25584.0,382061.0,165765.95,12757.29,153008.65,7726.54,1138.15,70370.9,79235.58,59.35,7281.47,52724.68,,
Odisha,Bargarh,District Summary,1259.38,39279.0,525177.0,59368.0,584545.0,66143.85,4364.34,61779.51,4389.96,438.68,29728.24,34556.86,55.93,4740.07,27234.1,,
Odisha,Bhadrak,District Summary,1511.88,79363.0,252236.0,0.0,252236.0,93705.7,9059.84,84645.85,4502.08,403.33,32030.42,36935.82,60.73,3103.87,20861.02,,
Odisha,Bolangir,District Summary,1226.93,6599.0,629777.0,26419.0,656196.0,61397.52,4764.74,56632.77,5779.64,349.18,23325.17,29453.99,52.0,7275.6,25693.59,,
Odisha,Boudh,District Summary,1312.14,46716.0,214098.0,96900.0,310998.0,25806.05,2124.27,23681.78,1461.34,69.62,9524.72,11055.66,46.68,1666.09,12421.36,,
Odisha,Cuttack,District Summary,1577.94,62005.0,340069.0,32790.0,372859.0,76678.56,7168.25,69510.32,7201.02,1017.7,24577.3,32796.01,47.18,7940.04,35975.28,,
Odisha,Deogarh,District Summary,1317.69,20573.0,218529.0,77735.0,296264.0,33238.13,3323.81,29914.32,984.25,330.4,16213.34,17528.0,58.59,1084.49,12286.09,,
Odisha,Dhenkanal,District Summary,1428.17,79290.0,397875.0,49706.0,447581.0,48220.08,3515.32,44704.76,3817.97,417.69,13064.16,17299.82,38.7,4123.74,27099.16,,
Odisha,Gajapati,District Summary,1379.91,6500.0,142458.0,290763.0,433221.0,22235.1,2109.1,20126.0,1736.46,169.06,5408.16,7313.7,36.34,1865.14,12683.62,,
Odisha,Ganjam,District Summary,1296.04,123400.0,610420.0,213017.0,823437.0,106785.02,9331.46,97453.56,11675.95,1966.9,28700.88,42343.74,44.22,13556.8,51412.53,,
Odisha,Jagatsinghpur,District Summary,1475.25,54718.0,188988.0,0.0,188988.0,65072.66,6213.36,58859.3,3180.21,872.95,25510.0,29563.16,58.88,2541.78,18670.54,,
Odisha,Jajpur,District Summary,1644.91,24000.0,266213.0,20246.0,286459.0,61095.8,4545.72,56550.08,5389.28,702.78,29702.49,35794.56,65.23,5306.9,17815.32,,
Odisha,Jharsuguda,District Summary,1314.08,0.0,211842.0,385.0,212227.0,20842.93,1551.3,19291.64,2536.54,1064.11,6412.88,10013.52,51.91,3109.44,8705.22,,
Odisha,Kalahandi,District Summary,1479.63,97301.0,558137.0,233298.0,791435.0,67741.1,5450.91,62290.2,5130.73,867.42,21897.14,27895.29,44.78,5839.0,33685.44,,
Odisha,Kandhamal,District Summary,1648.77,2973.0,447371.0,356636.0,804007.0,36906.26,2870.9,34035.37,2343.47,217.68,8526.7,11087.87,32.58,2542.4,22747.44,,
Odisha,Kendrapara,District Summary,1540.17,17287.0,226344.0,0.0,226344.0,62497.34,5222.78,57274.55,4308.84,439.79,10958.58,15707.22,64.34,1286.51,5791.98,,
Odisha,Keonjhar,District Summary,1386.31,23675.0,684790.0,149192.0,833982.0,92152.65,8216.64,83936.01,6374.53,717.14,31639.68,38731.35,46.14,7218.7,44360.49,,
Odisha,Khurda,District Summary,1429.01,29107.0,260717.0,28260.0,288977.0,47191.74,4232.86,42958.88,7361.88,2222.15,17752.43,27336.48,63.64,9413.31,16066.34,,
Odisha,Koraput,District Summary,1519.37,45444.0,600606.0,255565.0,856171.0,56100.32,4646.38,51453.94,4632.1,716.04,8279.46,13627.62,26.48,5316.04,37142.38,,
Odisha,Malkangiri,District Summary,1476.39,39846.0,339899.0,185047.0,524946.0,36723.15,2995.08,33728.06,2149.34,0.0,4820.44,6969.78,20.66,2522.85,26384.76,,
Odisha,Mayurbhanj,District Summary,1522.68,39319.0,834016.0,218556.0,1052572.0,147832.26,10854.78,136977.47,8060.36,291.72,53822.34,62174.43,45.39,8941.51,73921.91,,
Odisha,Nabarangapur,District Summary,1570.81,4250.0,534464.0,31117.0,565581.0,59770.98,5460.32,54310.66,3989.42,215.48,16932.5,21137.4,38.92,4542.06,32620.61,,
Odisha,Nayagarh,District Summary,1409.63,10348.0,257845.0,133196.0,391041.0,38436.4,2791.4,35645.01,3486.98,50.83,13530.89,17068.7,47.89,45213.75,18457.35,,
Odisha,Nuapada,District Summary,1120.57,30178.0,308304.0,77004.0,385308.0,33632.8,2731.4,30901.4,1972.36,133.7,17756.44,19862.5,64.28,2195.23,10816.04,,
Odisha,Puri,District Summary,1520.62,81983.0,258611.0,0.0,258611.0,75172.33,6126.38,69045.95,5959.22,0.0,28384.24,34343.42,54.5,5826.03,26980.1,,
Odisha,Rayagada,District Summary,1337.43,8569.0,365973.0,362225.0,728198.0,35430.54,2828.94,32601.59,3103.24,814.38,8049.86,11967.48,36.72,3461.1,20276.25,,
Odisha,Sambalpur,District Summary,1423.59,55351.0,567092.0,95188.0,662280.0,66060.48,5593.08,60467.4,3285.1,1164.67,16700.19,21149.96,34.98,3557.13,39045.4,,
Odisha,Subarnapur,District Summary,1335.28,56853.0,232054.0,4655.0,236709.0,27950.28,2148.95,25801.32,1942.94,83.98,11495.0,13521.92,52.41,2115.85,12186.28,,
Odisha,Sundargarh,District Summary,1279.92,12122.0,820348.0,154721.0,975069.0,88991.1,6478.59,82512.5,6367.14,2505.04,28859.08,37731.24,45.73,7407.38,43741.02,,
Puducherry,Karaikal,District Summary,779.94,0.0,16100.0,0.0,16100.0,4350.96,435.11,3915.85,940.31,17.58,528.78,1486.67,37.97,1063.97,2305.52,,
Puducherry,Puducherry,District Summary,1481.12,0.0,32200.0,0.0,32200.0,14694.46,1216.55,13477.91,4287.92,547.2,6888.5,11723.63,86.98,4991.61,1415.32,,
Punjab,Amritsar,District Summary,646.27,267640.0,267640.0,0.0,267640.0,143779.43,14385.28,129320.8,8026.5,863.27,209682.28,218572.05,168.72,8214.34,0.0,,
Punjab,Barnala,District Summary,517.97,141154.6,141301.0,0.0,141301.0,55473.37,5547.34,49926.04,2518.61,43.93,106822.68,109385.21,219.1,2571.71,0.0,,
Punjab,Bathinda,District Summary,364.38,318280.04,337424.0,0.0,337424.0,136192.46,13619.26,122573.21,4173.35,347.63,140803.48,145324.46,118.32,4241.94,17094.66,,
Punjab,Faridkot,District Summary,387.61,115754.74,147598.0,0.0,147598.0,71721.66,6194.59,65527.07,1786.78,66.38,83369.44,85222.6,120.75,1815.02,1157.49,,
Punjab,Fatehgarh Sahib,District Summary,685.1,114246.0,114246.0,0.0,114246.0,39246.02,3924.6,35321.41,2533.46,2592.24,63555.34,68681.04,194.6,2586.87,0.0,,
Punjab,Fazilka,District Summary,313.96,144496.77,273954.0,0.0,273954.0,107603.36,10425.81,100522.82,3465.29,150.43,81209.36,84825.08,63.69,3519.89,34704.68,,
Punjab,Firozpur,District Summary,418.26,235296.03,251953.0,0.0,251953.0,160472.04,15426.81,151249.1,3484.98,135.97,162685.77,166306.72,109.82,3558.45,16844.63,,
Punjab,Gurdaspur,District Summary,819.72,261425.0,261425.0,0.0,261425.0,161336.97,16182.05,144671.22,7079.46,114.85,179699.2,186893.5,128.77,7228.72,4524.2,,
Punjab,Hoshiarpur,District Summary,840.13,336871.0,336871.0,0.0,336871.0,89956.21,8325.15,80979.72,6685.34,131.52,90760.73,97577.6,120.52,6826.28,9014.83,,
Punjab,Jalandhar,District Summary,625.09,262999.0,262999.0,0.0,262999.0,88512.52,8779.67,80448.74,14882.13,2750.18,198620.47,216252.76,267.86,15211.37,0.0,,
Punjab,Kapurthala,District Summary,620.45,162875.0,162875.0,0.0,162875.0,67902.76,6536.38,63905.34,3453.64,2161.06,138824.16,144438.86,227.75,3526.44,0.0,,
Punjab,Ludhiana,District Summary,566.76,370715.0,370715.0,0.0,370715.0,146161.14,14385.72,132234.54,17597.04,7724.02,251344.14,276665.18,208.3,17997.4,0.0,,
Punjab,Malerkotla,District Summary,570.22,74529.0,74529.0,0.0,74529.0,21588.52,2158.85,19429.66,2000.7,541.59,56191.54,58733.82,302.29,2042.88,0.0,,
Punjab,Mansa,District Summary,356.15,176849.99,216862.0,0.0,216862.0,94694.16,9466.48,85257.15,1763.6,54.44,99705.42,101523.44,105.92,1783.78,9883.29,,
Punjab,Moga,District Summary,454.25,223096.0,223096.0,0.0,223096.0,80877.74,8044.02,73271.28,3459.32,122.16,165355.83,168937.32,230.87,3524.19,0.0,,
Punjab,Muktsar,District Summary,343.14,197400.68,263428.0,0.0,263428.0,132489.42,12748.8,119740.62,3808.05,73.16,58732.4,60709.58,25.29,3844.58,68882.62,,
Punjab,Pathankot,District Summary,1156.97,78136.0,78136.0,16941.0,95077.0,48268.98,4682.52,43617.62,2849.53,130.92,17198.41,20178.86,46.22,2909.6,23378.68,,
Punjab,Patiala,District Summary,662.66,329037.58,331847.0,0.0,331847.0,96765.97,9432.32,87407.3,7992.56,677.98,175255.32,183925.88,211.51,8161.04,0.0,,
Punjab,Rupnagar,District Summary,839.74,137653.0,137653.0,0.0,137653.0,42757.84,4188.56,39441.6,2886.3,656.81,33706.77,37249.86,94.44,2947.14,7165.13,,
Punjab,Sangrur,District Summary,495.82,285796.0,285796.0,0.0,285796.0,70489.0,7047.43,63456.3,4986.9,1574.08,191180.22,197741.21,311.62,5092.04,0.0,,
Punjab,Sas Nagar,District Summary,735.73,108257.58,109383.0,0.0,109383.0,23412.71,2339.8,21087.64,4165.26,3492.76,18117.64,25775.65,122.06,4253.07,1139.82,,
Punjab,Sbs Nagar,District Summary,761.29,124441.72,125961.0,0.0,125961.0,54653.62,5074.34,49757.08,2594.92,342.46,55882.42,58819.8,118.52,2649.62,2984.54,,
Punjab,Tarn Taran,District Summary,544.85,241835.0,241835.0,0.0,241835.0,70864.94,6684.34,67089.61,4730.95,120.07,127281.64,132132.65,197.07,4830.67,0.0,,
Rajasthan,Ajmer,District Summary,530.88,0.0,746676.0,140992.0,887668.0,37672.39,3767.24,33905.15,1273.54,176.0,45375.48,46825.06,138.1,1273.54,0.0,,
Rajasthan,Alwar,District Summary,665.35,0.0,720161.0,151885.0,872046.0,82231.63,8156.54,74075.09,13918.75,3413.35,114938.16,132270.24,185.1,13918.75,0.0,,
Rajasthan,Banswara,District Summary,959.65,165543.0,397996.0,55612.0,453608.0,23198.66,2319.88,20878.79,2510.18,4.02,11976.94,14491.15,69.4,2510.18,6568.14,,
Rajasthan,Baran,District Summary,934.44,87123.0,689221.0,6310.0,695531.0,64812.56,6481.28,58331.29,8963.63,102.57,69419.4,78485.61,134.56,8963.63,2560.9,,
Rajasthan,Barmer,District Summary,328.92,0.0,2857858.0,0.0,2857858.0,69301.2,6629.3,62671.9,9094.04,1290.0,43936.4,54320.45,133.26,7423.61,1460.97,,
Rajasthan,Bharatpur,District Summary,655.2,0.0,475152.0,25890.0,501042.0,54294.53,5195.66,49098.86,7894.68,71.85,44140.05,52106.63,120.1,6513.84,0.0,,
Rajasthan,Bhilwara,District Summary,656.67,63193.0,935485.0,110015.0,1045500.0,45380.02,4538.01,40842.02,4828.32,735.87,58246.77,63810.96,156.24,4828.32,743.61,,
Rajasthan,Bikaner,District Summary,334.64,45001.0,3038177.0,0.0,3038177.0,62373.14,6237.32,56135.82,10217.7,82.0,29082.47,39382.18,139.86,10217.7,4713.41,,
Rajasthan,Bundi,District Summary,716.62,150555.0,424018.0,125982.0,550000.0,35352.46,3027.43,32325.02,3920.14,66.0,27786.37,31772.51,98.32,3920.13,5903.76,,
Rajasthan,Chittaurgarh,District Summary,806.04,63932.0,583389.0,204611.0,788000.0,34771.76,3477.2,31294.57,2240.23,107.23,48268.8,50616.3,161.74,2240.24,107.0,,
Rajasthan,Churu,District Summary,211.98,0.0,1379301.0,0.0,1379301.0,22116.61,1799.46,20317.14,3774.18,4.76,16064.29,19843.22,128.88,3774.18,1725.2,,
Rajasthan,Dausa,District Summary,668.13,0.0,308562.0,33455.0,342017.0,27455.44,2745.54,24709.9,11665.8,3.19,47157.2,58826.2,238.17,11665.8,0.0,,
Rajasthan,Dhaulpur,District Summary,715.34,8111.0,248526.0,52379.0,300905.0,28391.18,2839.13,25552.06,4916.83,15.73,30554.34,35486.91,138.89,4916.83,1253.23,,
Rajasthan,Dungarpur,District Summary,786.3,24128.0,263413.0,113664.0,377077.0,22577.86,2248.22,20329.64,903.96,1.11,11597.9,12503.0,61.5,903.96,7826.65,,
Rajasthan,Ganganagar,District Summary,248.52,151118.0,1114159.0,0.0,1114159.0,149159.78,14035.94,135123.84,81.8,39.0,34280.75,34401.5,40.2,43.73,25903.71,,
Rajasthan,Hanumangarh,District Summary,321.44,127850.0,957960.0,0.0,957960.0,98282.16,8564.95,89717.2,1871.8,200.0,46390.2,48462.02,64.7,1545.95,7257.13,,
Rajasthan,Jaipur,District Summary,600.68,0.0,1033472.0,72672.0,1106144.0,78420.14,7498.86,70921.28,42120.72,1662.63,108849.75,152633.12,219.92,42120.71,0.0,,
Rajasthan,Jaisalmer,District Summary,208.8,0.0,3814500.0,0.0,3814500.0,54613.63,5461.38,49152.26,4988.95,6.46,32416.71,37412.12,339.76,4153.18,0.0,,
Rajasthan,Jalor,District Summary,482.09,202500.0,1025153.0,38847.0,1064000.0,60920.06,4991.38,55928.67,4600.64,2.58,78016.83,82620.06,178.16,4418.46,393.29,,
Rajasthan,Jhalawar,District Summary,972.09,32062.0,609626.0,24096.0,633722.0,57304.77,5458.26,51846.51,4145.38,0.41,53050.25,57196.04,110.46,4145.38,6119.09,,
Rajasthan,Jhunjhunu,District Summary,505.12,0.0,539347.0,49237.0,588584.0,25269.08,2441.44,22827.64,14270.35,564.16,35400.87,50235.37,223.57,14207.5,0.0,,
Rajasthan,Jodhpur,District Summary,326.5,0.0,2218972.0,6028.0,2225000.0,51048.36,4692.33,46356.02,16037.32,807.08,80834.81,97679.22,256.69,15816.48,226.16,,
Rajasthan,Karauli,District Summary,703.94,29455.0,390242.0,177048.0,567290.0,35215.13,3454.63,31760.5,5208.68,0.07,43759.32,48968.08,154.32,5208.69,1941.22,,
Rajasthan,Kota,District Summary,826.57,215015.0,512317.0,8077.0,520394.0,52166.54,5216.66,46949.89,9545.57,180.93,42189.74,51916.25,110.57,9545.58,4274.57,,
Rajasthan,Nagaur,District Summary,439.95,0.0,1771826.0,0.0,1771826.0,70199.28,6616.73,63582.56,15344.28,1157.25,95089.41,111590.94,185.54,14707.48,387.79,,
Rajasthan,Pali,District Summary,551.7,55040.0,1055139.0,180561.0,1235700.0,47114.76,4615.27,42499.49,4900.41,19.77,48292.0,53212.18,158.16,4651.51,1970.88,,
Rajasthan,Pratapgarh,District Summary,1032.47,34500.0,295039.0,140941.0,435980.0,23220.12,2322.02,20898.1,661.08,19.0,26442.57,27122.66,129.79,661.08,960.78,,
Rajasthan,Rajsamand,District Summary,642.78,25734.0,354009.0,109537.0,463546.0,12168.33,1216.84,10951.48,2570.61,391.64,10490.48,13452.74,122.9,2570.6,614.14,,
Rajasthan,Sawai Madhopur,District Summary,770.64,50498.0,432850.0,69215.0,502065.0,45447.0,4192.84,41254.16,7706.94,0.22,56507.46,64214.66,155.7,7706.94,0.0,,
Rajasthan,Sikar,District Summary,518.19,0.0,735692.0,52393.0,788085.0,38365.64,3623.46,34742.18,14310.85,221.32,51915.19,66447.37,192.74,14310.86,834.64,,
Rajasthan,Sirohi,District Summary,673.06,0.0,407570.0,106030.0,513600.0,31076.93,3107.72,27969.22,1958.24,344.54,30812.08,33114.86,118.4,1958.24,682.68,,
Rajasthan,Tonk,District Summary,637.36,141089.0,588174.0,131832.0,720006.0,47004.63,4464.05,42540.59,11021.63,36.0,30172.17,41229.79,97.05,11021.64,4623.2,,
Rajasthan,Udaipur,District Summary,727.04,69678.0,777092.0,398968.0,1176060.0,32930.84,3261.34,29669.5,3884.84,2059.79,24127.5,30072.14,101.37,3884.86,1736.92,,
Sikkim,Gangtok,District Summary,2756.4,0.0,35500.0,31697.0,67197.0,6816.66,681.69,6134.97,117.74,6.08,285.1,408.94,6.66,131.62,5712.17,,
Sikkim,Gyalsingh,District Summary,2041.7,0.0,30200.0,58995.0,89195.0,3791.57,379.15,3412.42,31.34,0.0,206.1,237.45,6.96,33.72,3172.58,,
Sikkim,Mangan,District Summary,2738.8,0.0,20000.0,403642.0,423642.0,3716.59,371.65,3344.94,21.33,0.0,83.6,104.92,3.14,22.29,3239.05,,
Sikkim,Namchi,District Summary,2203.5,0.0,28000.0,45130.0,73130.0,3545.96,354.58,3191.38,60.91,16.19,136.45,213.6,6.69,66.03,2972.67,,
Sikkim,Pakyong,District Summary,2756.4,0.0,26100.0,2356.0,28456.0,5022.81,502.28,4520.53,38.1,61.2,120.6,219.9,4.86,42.58,4296.14,,
Sikkim,Soreng,District Summary,2041.7,0.0,9800.0,19188.0,28988.0,1270.97,127.1,1143.87,27.22,0.0,62.7,89.92,7.86,29.28,1051.88,,
Tamilnadu,Ariyalur,District Summary,972.36,0.0,192658.65,739.49,193398.14,39381.72,3541.38,35840.34,1576.66,68.78,16370.93,18016.37,50.34,1685.78,17884.4,,
Tamilnadu,Chengalpattu,District Summary,1229.59,0.0,242414.88,20175.27,262590.15,65940.17,6227.24,59712.92,772.35,429.55,38299.57,39501.52,66.26,1539.48,19566.36,,
Tamilnadu,Chennai,District Summary,1387.58,0.0,44628.48,0.0,44628.48,10007.17,900.26,9106.91,9818.46,1241.15,172.6,11232.23,123.3,10017.98,820.17,,
Tamilnadu,Coimbatore,District Summary,966.28,29882.63,360450.81,6647.13,367097.94,61341.87,5988.38,55353.48,1586.34,1015.58,46836.12,49438.06,89.27,3862.33,21772.72,,
Tamilnadu,Cuddalore,District Summary,1268.15,0.0,363475.82,1198.18,364674.0,114811.09,10868.9,103942.19,1687.12,82.14,64865.63,66634.9,64.13,3490.37,43511.94,,
Tamilnadu,Dharmapuri,District Summary,868.78,0.0,285599.88,57398.98,342998.87,50404.01,4918.22,45485.79,749.86,39.15,41230.19,42019.21,92.54,1619.36,6732.25,,
Tamilnadu,Dindigul,District Summary,894.26,0.0,487741.1,138923.05,626664.15,60843.4,5982.24,54861.16,1718.8,389.76,60476.12,62584.68,114.15,4540.64,9611.75,,
Tamilnadu,Erode,District Summary,715.12,0.0,346340.12,1425.0,347765.12,82359.95,8087.75,74272.19,928.44,804.86,56881.4,58614.7,79.17,11304.54,19092.3,,
Tamilnadu,Kallakurichchi,District Summary,1080.16,0.0,257923.0,57622.31,315545.31,65923.22,5896.62,60026.6,653.6,28.85,48688.14,49370.6,82.23,1639.19,12891.34,,
Tamilnadu,Kancheepuram,District Summary,1256.45,0.0,166794.04,3685.0,170479.04,58533.6,5634.7,52898.89,321.31,940.81,24749.79,26011.92,49.18,994.18,26409.28,,
Tamilnadu,Kanniyakumari,District Summary,1276.63,0.0,113044.97,4772.03,117817.0,34419.3,3441.92,30977.38,1042.06,124.02,3528.6,4694.7,15.22,1240.1,26206.78,,
Tamilnadu,Karur,District Summary,646.69,0.0,283369.52,6187.12,289556.64,33182.29,3185.24,29997.04,494.42,390.94,29085.48,29970.84,100.0,1180.58,6869.36,,
Tamilnadu,Krishnagiri,District Summary,792.98,0.0,310361.42,97194.87,407556.3,52111.73,4932.9,47178.82,496.24,669.03,43186.92,44352.18,94.14,2034.82,6549.4,,
Tamilnadu,Madurai,District Summary,859.41,0.0,325646.74,36021.25,361667.99,77327.65,7466.94,72067.9,4637.93,3496.83,41364.57,49499.32,68.72,6244.76,24207.72,,
Tamilnadu,Mayiladuthurai,District Summary,1322.66,0.0,116256.03,1102.21,117358.24,43314.91,4331.48,38983.43,1382.78,0.0,51636.39,53019.19,120.08,4846.26,2750.07,,
Tamilnadu,Nagapattinam,District Summary,1363.19,0.0,152268.84,3531.0,154034.34,71757.51,7175.76,64581.75,610.38,3081.19,27807.68,31499.27,0.0,0.0,0.0,,
Tamilnadu,Namakkal,District Summary,726.98,0.0,292810.44,1401.39,294211.83,58974.06,5648.72,53325.34,3381.5,337.02,57114.52,60833.02,114.11,4153.35,9474.1,,
Tamilnadu,Perambalur,District Summary,861.29,0.0,159453.77,9242.38,168696.16,27102.47,2654.74,24447.72,497.95,37.36,25754.64,26289.96,107.64,900.72,7761.83,,
Tamilnadu,Pudukkottai,District Summary,889.52,0.0,443060.8,7574.46,450635.26,106505.42,10628.76,95876.66,983.73,574.01,44373.36,45931.12,50.06,2073.04,44921.98,,
Tamilnadu,Ramanathapuram,District Summary,742.62,0.0,408222.04,1470.0,408957.04,61222.38,6120.44,55101.94,529.25,72.2,5942.56,6543.98,10.66,1404.69,43100.82,,
Tamilnadu,Ranipet,District Summary,1017.96,0.0,175600.04,1.91,175601.0,30648.57,2672.68,27975.89,1112.37,1164.72,21918.08,24195.18,86.65,1909.58,4170.91,,
Tamilnadu,Salem,District Summary,890.18,0.0,394848.2,22578.49,417426.69,52871.28,5257.8,47613.49,1059.4,340.9,68655.04,70055.34,147.14,2469.83,9718.84,,
Tamilnadu,Sivagangai,District Summary,880.48,0.0,403261.5,15638.62,418900.12,72022.1,6961.11,65060.98,1446.94,242.83,16270.52,17960.3,27.74,3705.42,44842.2,,
Tamilnadu,Tenkasi,District Summary,806.58,38243.13,244244.44,43999.43,288243.87,58800.95,5775.91,53025.04,914.34,183.31,39439.72,40537.34,76.45,1716.18,21453.76,,
Tamilnadu,Thanjavur,District Summary,1024.87,0.0,339469.96,188.02,339657.98,110369.66,10907.16,99462.5,14508.05,726.3,85050.53,100284.9,100.82,14886.62,12663.23,,
Tamilnadu,The Nilgiris,District Summary,1802.3,0.0,111940.38,142544.58,254484.96,11351.74,1135.18,10216.56,204.43,52.4,652.45,909.26,9.8,6351.36,7369.59,,
Tamilnadu,Theni,District Summary,1014.77,0.0,189417.31,68236.81,257654.12,30690.31,3069.04,27621.26,658.82,109.61,21329.7,22098.16,80.09,959.25,8209.53,,
Tamilnadu,Thiruvarur,District Summary,1031.68,0.0,207257.2,2452.0,209709.2,60803.17,6080.32,54722.84,2103.27,403.03,17685.56,20191.88,60.5,6554.36,15977.76,,
Tamilnadu,Thoothukudi,District Summary,637.73,0.0,459711.56,3890.06,463601.62,77301.38,7542.9,69758.46,456.34,362.83,20680.25,21499.43,31.22,1633.22,47538.92,,
Tamilnadu,Tiruchirappalli,District Summary,746.8,0.0,403609.8,17167.47,420777.28,75694.04,7326.16,68367.89,949.35,454.02,52300.62,53704.0,78.9,6303.22,26694.4,,
Tamilnadu,Tirunelveli,District Summary,1468.5,2280.27,304117.64,83758.23,387875.86,85686.02,8291.36,77394.66,731.42,106.84,31726.38,32564.66,42.1,1277.59,44749.74,,
Tamilnadu,Tirupathur,District Summary,828.99,0.0,110880.69,5300.08,116180.78,10407.96,1034.8,9373.17,510.75,51.38,12664.46,13226.6,141.05,2098.06,136.87,,
Tamilnadu,Tiruppur,District Summary,630.83,0.0,471390.79,1238.38,472629.17,66121.76,6445.68,59676.08,584.84,568.86,49485.37,50638.98,84.78,3343.26,14709.22,,
Tamilnadu,Tiruvallur,District Summary,1250.62,0.0,304218.94,19736.01,323954.94,86413.64,7442.88,78970.77,2139.26,1242.63,39473.49,42855.42,54.98,5886.41,31340.33,,
Tamilnadu,Tiruvannamalai,District Summary,1071.26,0.0,478395.19,1010.19,479405.37,116951.31,11099.36,105851.94,7851.08,1619.44,79809.02,89279.52,84.41,8308.88,21234.82,,
Tamilnadu,Vellore,District Summary,968.82,0.0,131858.31,331.0,132023.81,18596.72,1841.98,16754.74,1586.07,309.0,18483.54,20378.61,121.62,2886.61,656.29,,
Tamilnadu,Villupuram,District Summary,1004.91,0.0,377228.46,1940.96,379169.43,103771.78,9822.6,93949.17,1652.42,36.52,79411.7,81100.64,86.33,3626.96,15671.14,,
Tamilnadu,Virudhunagar,District Summary,785.53,0.0,400189.04,32752.1,432941.14,70245.84,6782.72,63463.11,460.64,961.33,36213.22,37635.21,60.06,1151.55,26584.61,,
Telangana,Adilabad,District Summary,1215.8,17592.5,380948.5,34351.5,415300.0,58701.08,5570.1,53130.9,3007.85,287.82,16877.96,20173.64,38.06,3653.4,32963.39,,
Telangana,Bhadradri Kothagudem,District Summary,1188.2,92482.1,710843.38,37391.21,748234.58,110476.22,10564.28,99911.9,4247.01,3585.75,24463.44,32296.22,32.32,4503.24,70251.82,,
Telangana,Hanumakonda,District Summary,982.94,81337.77,160484.84,6936.77,167421.61,53124.56,5207.3,47917.28,1703.61,952.33,26395.48,29051.39,60.62,1703.6,20105.66,,
Telangana,Hyderabad,District Summary,829.1,0.0,21782.0,0.0,21782.0,6598.26,613.02,5985.24,5598.55,415.8,0.0,6014.34,100.56,5962.35,960.12,,
Telangana,Jagtial,District Summary,1022.99,202851.38,266715.32,31763.9,298479.22,67269.24,6589.63,60679.61,301.86,595.7,21989.84,22887.62,38.05,1913.44,36237.88,,
Telangana,Jangaon,District Summary,893.62,83172.0,210713.0,4657.0,215370.0,39718.49,3589.22,36129.32,1454.3,495.63,19243.26,21193.3,58.62,1693.36,14854.94,,
Telangana,Jayashankar Bhupalapally,District Summary,1070.44,89251.54,230520.23,5781.08,236301.31,48203.48,4597.1,43606.35,1010.84,1058.52,16634.99,18704.39,42.9,1035.47,25459.72,,
Telangana,Jogulamba Gadwal,District Summary,578.02,189010.14,260368.9,672.1,261041.0,44332.38,4282.43,40049.97,373.26,137.86,12334.93,12845.96,32.33,712.77,27225.88,,
Telangana,Kamareddy,District Summary,1001.71,30836.24,348831.61,17845.74,366677.35,70180.14,6647.53,63532.6,1024.34,669.76,31004.34,32698.57,51.49,2151.38,32939.12,,
Telangana,Karimnagar,District Summary,906.12,153428.16,206696.12,4285.8,210981.92,96288.74,9449.76,86839.0,1944.47,1222.99,23278.9,26446.14,30.52,2295.28,60689.69,,
Telangana,Khammam,District Summary,1039.32,241019.52,428158.68,7969.38,436128.06,110888.89,10622.16,100266.7,4003.88,1338.16,38767.74,44109.79,44.08,4519.08,57267.66,,
Telangana,Komarambheem Asifabad,District Summary,1145.07,87242.0,376816.0,52728.0,429544.0,64346.74,6073.74,58273.0,404.96,433.96,9864.3,10703.12,18.43,848.54,47123.87,,
Telangana,Mahabubabad,District Summary,1330.4,197161.16,334459.43,9111.8,343571.23,66769.78,6565.54,60204.28,1336.58,1578.92,30433.26,33348.76,55.32,1719.54,27088.83,,
Telangana,Mahabubnagar,District Summary,653.2,0.0,254263.43,11087.17,265350.6,35565.62,3272.48,32293.12,335.36,749.16,22629.62,23714.24,73.37,1351.26,9340.9,,
Telangana,Mancherial,District Summary,1045.6,99403.14,398325.14,12200.86,410526.0,96533.5,8970.17,87563.36,483.2,2090.99,28126.91,30701.3,35.01,587.16,53020.7,,
Telangana,Medak,District Summary,854.48,17414.25,254556.88,20572.63,275129.51,51595.04,4872.68,46722.28,1022.0,1181.88,28955.38,31158.98,66.51,1656.84,16841.58,,
Telangana,Medchal Malkajgiri,District Summary,767.48,0.0,103806.89,4906.21,108713.1,10640.6,1039.69,9600.94,1230.34,1564.24,4187.51,6982.14,72.71,4880.85,3491.26,,
Telangana,Mulug,District Summary,1375.01,53441.53,283730.88,18910.51,302641.39,59934.75,5651.38,54283.36,546.84,101.44,12562.7,13211.12,24.33,841.54,38487.32,,
Telangana,Nagarkurnool,District Summary,665.18,213412.19,613221.57,22618.94,635840.52,88691.64,8500.96,80190.76,1480.01,406.88,31553.85,33440.76,41.86,1700.8,47499.31,,
Telangana,Nalgonda,District Summary,697.22,345271.0,704673.0,7430.0,712103.0,131525.82,12731.93,118793.86,5233.93,4351.2,50613.37,60198.5,50.8,5233.93,61930.34,,
Telangana,Narayanpet,District Summary,579.89,74243.26,231810.98,0.0,231810.98,31267.46,3005.16,28262.29,206.11,436.24,10874.5,11516.6,40.94,1196.16,16209.56,,
Telangana,Nirmal,District Summary,1055.64,62502.67,326437.21,36391.79,362829.0,72900.8,6852.48,66048.22,1117.58,706.7,22601.43,24425.82,36.97,1475.61,41622.64,,
Telangana,Nizamabad,District Summary,987.7,227378.16,412991.03,14718.8,427709.83,107353.4,10066.38,97287.03,1930.16,389.21,50084.96,52404.34,53.92,3300.77,37925.94,,
Telangana,Peddapalle,District Summary,1013.63,113952.91,194064.19,22754.5,216818.69,50846.72,4852.72,45994.0,1221.64,1587.6,18441.36,21250.61,46.18,1874.22,25038.53,,
Telangana,Rajanna Siricilla,District Summary,1015.98,0.0,173139.23,17242.77,190382.0,48151.76,4544.03,43607.76,117.86,1094.44,27380.43,28592.66,65.76,239.99,15266.72,,
Telangana,Rangareddy,District Summary,714.04,0.0,482697.85,22175.57,504873.42,56840.62,5472.36,51368.28,3975.24,1153.22,29047.88,34175.57,66.54,5541.5,18662.76,,
Telangana,Sangareddy,District Summary,861.84,4977.0,411060.79,37913.29,448974.08,43840.9,4144.1,39696.82,2164.99,1682.58,15934.16,19781.7,49.93,2896.83,20572.87,,
Telangana,Siddipet,District Summary,778.31,0.0,340727.36,24451.48,365178.84,60848.62,5692.24,55156.42,758.98,983.95,35749.4,37492.36,68.04,775.9,18005.39,,
Telangana,Suryapet,District Summary,780.28,186807.0,360750.0,834.0,361584.0,88542.78,8541.17,80001.6,1976.98,1230.56,22727.57,25935.12,33.41,2595.45,53607.42,,
Telangana,Vikarabad,District Summary,777.06,0.0,367296.15,102.82,367398.98,44684.9,4468.11,40216.87,553.91,112.5,19239.14,19905.68,51.24,1851.01,19968.12,,
Telangana,Wanaparthy,District Summary,631.04,75539.17,212213.96,6810.0,219023.96,67529.94,6549.41,60980.56,380.67,384.87,25136.07,25901.5,42.39,1802.61,31263.3,,
Telangana,Warangal,District Summary,986.3,153293.76,171337.44,5272.96,176610.41,53368.96,5112.38,48256.52,906.96,1271.68,25138.52,27316.99,56.53,1503.68,21312.18,,
Telangana,Yadadri Bhuvanagiri,District Summary,743.53,45295.14,343281.99,2165.15,345447.15,78919.85,7584.59,71335.26,2584.54,4363.37,40945.25,47893.16,67.21,2760.32,27746.26,,
Tripura,Dhalai,District Summary,2429.15,0.0,99581.0,131908.0,231489.0,20448.08,2254.96,18193.12,964.27,0.15,256.86,1221.28,6.7,1134.01,16802.08,,
Tripura,Gomati,District Summary,2181.08,0.0,109828.0,51877.0,161705.0,23355.16,2454.81,20900.34,909.92,0.38,275.76,1186.05,5.66,1008.3,19615.9,,
Tripura,Khowai,District Summary,2223.84,0.0,49560.0,51685.0,101245.0,12184.84,1160.72,11024.12,664.22,24.16,230.44,918.82,8.35,724.83,10044.7,,
Tripura,North Tripura,District Summary,2539.32,0.0,54382.0,81410.0,135792.0,10861.13,1375.06,9486.06,1012.85,11.27,52.32,1076.43,11.38,1148.13,8274.33,,
Tripura,Sepahijala,District Summary,2043.68,0.0,87170.0,17222.0,104392.0,18621.66,2088.08,16533.58,1032.3,3.86,669.88,1706.04,10.44,1126.51,14733.34,,
Tripura,South Tripura,District Summary,2450.04,0.0,98103.0,53098.0,151201.0,23916.15,2647.27,21268.88,961.98,5.54,806.95,1774.47,8.26,1065.98,19390.4,,
Tripura,Unakoti,District Summary,2384.05,0.0,42878.0,22825.0,65703.0,9592.3,985.18,8607.12,675.32,6.36,91.15,772.84,9.04,765.52,7744.08,,
Tripura,West Tripura,District Summary,2034.52,0.0,78282.0,19360.0,97642.0,16745.12,1665.86,15079.27,2252.69,212.38,720.77,3185.82,21.12,2496.26,11649.88,,
Uttar Pradesh,Agra,District Summary,614.65,387618.5,394717.0,0.0,394717.0,91173.63,7942.93,83230.7,11153.5,209.66,83727.1,95090.23,114.34,12580.44,5046.12,,
Uttar Pradesh,Aligarh,District Summary,667.47,380843.0,380843.0,0.0,380843.0,99754.0,7820.48,91933.52,11961.18,708.37,60981.52,73651.08,80.12,12859.8,20439.97,,
Uttar Pradesh,Ambedkar Nagar,District Summary,1013.3,245898.0,245898.0,0.0,245898.0,80565.5,8056.56,72508.93,6439.38,62.5,39142.36,45644.24,62.95,6670.83,26633.25,,
Uttar Pradesh,Amethi,District Summary,853.0,232992.0,232992.0,0.0,232992.0,89760.48,8818.12,80942.36,5048.76,577.23,47611.9,53237.88,65.78,5275.62,27477.62,,
Uttar Pradesh,Amroha,District Summary,902.59,214903.0,214903.0,0.0,214903.0,54953.5,4987.1,49966.4,4936.31,1614.5,40664.02,47214.82,94.48,5188.02,4937.16,,
Uttar Pradesh,Auraiya,District Summary,624.88,209427.0,209427.0,0.0,209427.0,68308.39,6830.85,61477.54,2963.23,8.91,35537.54,38509.67,62.64,3069.38,22861.72,,
Uttar Pradesh,Ayodhya,District Summary,952.71,252201.0,252201.0,0.0,252201.0,94835.82,9203.11,85632.7,7330.96,603.66,45262.7,53197.34,62.12,7822.51,31943.81,,
Uttar Pradesh,Azamgarh,District Summary,907.1,417119.0,417119.0,0.0,417119.0,140328.11,13486.7,126841.41,13964.49,28.98,61226.06,75219.5,59.3,14836.82,50749.58,,
Uttar Pradesh,Bagpat,District Summary,674.76,135138.96,135138.96,0.0,135138.96,35838.41,3429.98,32408.43,2551.32,140.2,28396.72,31088.25,95.92,2622.29,3710.1,,
Uttar Pradesh,Bahraich,District Summary,1158.8,438725.0,438725.0,0.0,438725.0,151658.84,9675.48,141983.36,9948.83,279.46,73217.81,83446.08,58.78,10470.83,58015.28,,
Uttar Pradesh,Ballia,District Summary,922.03,292700.0,292700.0,0.0,292700.0,95300.92,9266.59,86034.32,8339.21,12.44,45166.29,53517.94,62.2,8899.15,31956.44,,
Uttar Pradesh,Balrampur,District Summary,1065.2,334857.0,334857.0,0.0,334857.0,103852.88,8199.7,95653.18,6339.06,504.58,46793.86,53637.5,56.13,6750.02,41604.72,,
Uttar Pradesh,Banda,District Summary,943.2,440460.0,440460.0,0.0,440460.0,72918.2,6557.32,66360.88,4062.67,2.31,40106.66,44170.48,66.56,4256.96,21996.1,,
Uttar Pradesh,Barabanki,District Summary,978.39,389132.0,389132.0,0.0,389132.0,210879.16,20041.43,190837.74,9196.62,447.36,108909.98,118553.98,62.12,9670.51,71809.88,,
Uttar Pradesh,Bareilly,District Summary,877.86,412000.0,412000.0,0.0,412000.0,121366.36,9398.4,111967.96,13642.43,1973.84,65058.59,80674.85,72.04,14209.9,32843.12,,
Uttar Pradesh,Basti,District Summary,1110.78,293807.0,293807.0,0.0,293807.0,83803.64,8071.94,75731.69,6620.08,157.74,42509.6,49287.43,65.09,6902.14,26162.2,,
Uttar Pradesh,Bijnor,District Summary,1053.5,458903.0,458903.0,0.0,458903.0,150350.54,14234.23,136116.3,8061.78,1263.92,85810.56,95136.28,69.9,9111.44,39930.37,,
Uttar Pradesh,Budaun,District Summary,784.54,423788.0,423788.0,0.0,423788.0,81281.41,6201.56,75079.85,7987.1,47.75,52938.54,60973.37,81.18,9276.49,13962.6,,
Uttar Pradesh,Bulandshahar,District Summary,673.13,360947.0,360947.0,0.0,360947.0,159850.17,13272.85,146577.32,6247.43,957.19,130657.28,137861.9,94.06,6875.49,14493.5,,
Uttar Pradesh,Chandauli,District Summary,949.06,188369.0,188369.0,0.0,188369.0,56681.32,5187.09,51494.24,4728.35,119.62,25520.46,30368.43,58.97,5346.26,20507.9,,
Uttar Pradesh,Chitrakoot,District Summary,943.2,300665.0,300665.0,0.0,300665.0,43767.72,4095.92,39671.8,2657.34,63.31,29812.5,32533.12,82.0,3255.06,6663.29,,
Uttar Pradesh,Deoria,District Summary,1019.38,253800.0,253800.0,0.0,253800.0,146249.74,13152.02,133097.72,6651.75,39.7,76777.94,83469.38,62.72,7380.04,48900.04,,
Uttar Pradesh,Etah,District Summary,658.23,242757.0,242757.0,0.0,242757.0,86999.54,7861.62,79137.92,4696.94,60.94,52132.75,56890.64,71.9,5242.7,21701.53,,
Uttar Pradesh,Etawah,District Summary,587.48,240301.0,240301.0,0.0,240301.0,71896.76,6593.88,65302.88,3306.84,158.55,30983.56,34448.94,52.75,3766.0,30394.78,,
Uttar Pradesh,Farrukhabad,District Summary,753.48,220623.0,220623.0,0.0,220623.0,48531.72,3696.17,44835.56,4068.81,13.88,29240.62,33323.3,74.32,4244.47,11336.59,,
Uttar Pradesh,Fatehpur,District Summary,746.9,425255.0,425255.0,0.0,425255.0,118372.55,10224.36,108148.18,7536.05,19.24,71883.07,79438.37,73.47,8947.24,28582.81,,
Uttar Pradesh,Firozabad,District Summary,656.92,241953.0,241953.0,0.0,241953.0,83966.42,8238.46,75727.96,6869.5,66.09,70497.85,77433.45,102.4,7151.21,10106.64,,
Uttar Pradesh,G.B.Nagar,District Summary,537.16,144273.0,144273.0,0.0,144273.0,50576.6,5057.66,45518.94,1561.7,2415.39,45533.8,48303.2,106.14,1680.78,2901.42,,
Uttar Pradesh,Ghaziabad,District Summary,729.83,116914.0,116914.0,0.0,116914.0,42493.12,4249.32,38243.8,7265.75,3066.27,37051.18,47383.18,123.9,9283.78,1821.62,,
Uttar Pradesh,Ghazipur,District Summary,853.77,330052.0,330052.0,0.0,330052.0,105336.9,9976.4,95360.5,7067.5,63.26,50041.08,57171.85,59.96,8138.66,37117.48,,
Uttar Pradesh,Gonda,District Summary,1047.0,399609.0,399609.0,0.0,399609.0,125955.14,10661.6,115293.54,10032.26,591.26,59888.76,70512.29,61.16,12127.34,42686.16,,
Uttar Pradesh,Gorakhpur,District Summary,1338.3,321087.0,321087.0,0.0,321087.0,177719.71,15441.56,162278.16,9601.99,1042.64,92108.22,102752.86,63.32,10959.76,58167.52,,
Uttar Pradesh,Hamirpur,District Summary,735.88,381540.0,381540.0,0.0,381540.0,45977.12,4469.16,41507.96,2223.18,261.23,25197.53,27681.93,66.69,2268.15,13781.06,,
Uttar Pradesh,Hapur,District Summary,788.32,114481.0,114481.0,0.0,114481.0,51532.46,4462.04,47070.42,3.46,1301.82,43326.85,44632.13,94.83,3.56,2438.2,,
Uttar Pradesh,Hardoi,District Summary,816.35,594843.0,594843.0,0.0,594843.0,179011.72,15575.4,163436.32,8811.24,1110.58,90359.5,100281.32,61.36,10146.17,61820.05,,
Uttar Pradesh,Hathras,District Summary,618.98,183799.0,183799.0,0.0,183799.0,72585.72,6591.84,65993.88,4236.07,139.74,56797.88,61173.7,92.7,4390.96,9237.17,,
Uttar Pradesh,Jalaun,District Summary,687.2,456583.0,456583.0,0.0,456583.0,104188.73,9911.47,94277.26,4392.92,23.98,48671.1,53088.0,56.3,4509.25,41072.93,,
Uttar Pradesh,Jaunpur,District Summary,901.72,399094.0,399094.0,0.0,399094.0,132668.08,11703.92,120964.16,13908.65,166.8,70857.39,84932.85,70.21,16256.56,33683.4,,
Uttar Pradesh,Jhansi,District Summary,764.99,461937.0,461937.0,40463.0,502400.0,73868.49,6773.62,67094.87,3269.2,71.18,40785.0,44125.38,65.77,3439.34,22799.36,,
Uttar Pradesh,Kannauj,District Summary,714.62,214346.0,214346.0,0.0,214346.0,61333.12,5367.39,55965.73,4499.14,14.76,39686.32,44200.21,78.97,4685.36,17293.66,,
Uttar Pradesh,Kanpur Dehat,District Summary,698.44,323737.0,323737.0,0.0,323737.0,83657.5,8190.06,75467.44,4111.62,663.96,49091.04,53866.62,71.38,4202.93,21509.51,,
Uttar Pradesh,Kanpur Nagar,District Summary,709.6,309483.0,309483.0,0.0,309483.0,88577.56,8029.98,80547.58,8111.76,535.91,54848.23,63495.88,78.84,8789.72,16647.22,,
Uttar Pradesh,Kasganj,District Summary,724.77,199388.0,199388.0,0.0,199388.0,72704.23,5597.39,67106.84,4106.84,10.81,42677.2,46794.86,69.74,4325.08,20093.75,,
Uttar Pradesh,Kaushambi,District Summary,846.45,178001.0,178001.0,0.0,178001.0,51580.71,5158.08,46422.63,4677.42,0.91,32752.5,37430.84,80.63,4995.9,10086.25,,
Uttar Pradesh,Kushi Nagar,District Summary,1112.0,287378.0,287378.0,0.0,287378.0,176734.02,16363.1,160370.93,8898.23,131.57,73832.1,82861.9,51.68,9454.67,76952.59,,
Uttar Pradesh,Lakhimpur Kheri,District Summary,1130.0,655505.0,655505.0,0.0,655505.0,229889.55,16870.57,213018.98,12557.45,1468.7,116958.39,130984.54,61.5,13690.09,80901.8,,
Uttar Pradesh,Lalitpur,District Summary,909.89,381942.0,381942.0,121981.0,503923.0,40301.15,3232.68,37068.48,3555.73,3.97,27420.86,30980.56,83.59,3775.9,5867.74,,
Uttar Pradesh,Lucknow,District Summary,879.83,223898.0,244741.0,0.0,244741.0,79503.17,5954.02,73549.15,12871.43,4360.77,32236.86,49469.04,67.3,13872.83,24886.35,,
Uttar Pradesh,Mahoba,District Summary,809.7,229341.0,229341.0,0.0,229341.0,31331.88,2997.62,28334.26,1179.01,0.85,24406.7,25586.56,90.33,1307.98,3303.56,,
Uttar Pradesh,Mahrajganj,District Summary,1389.1,247760.0,247760.0,0.0,247760.0,109146.25,8398.81,100747.44,7295.34,23.66,57252.0,64571.03,64.1,8028.75,35443.01,,
Uttar Pradesh,Mainpuri,District Summary,659.74,276072.0,276072.0,0.0,276072.0,94794.44,9252.2,85542.23,5073.76,11.74,57425.09,62510.59,73.07,5701.56,23899.25,,
Uttar Pradesh,Mathura,District Summary,556.89,336078.0,336078.0,0.0,336078.0,137631.32,11169.44,126461.88,6659.97,1366.78,82458.07,90484.84,71.54,7254.28,36196.35,,
Uttar Pradesh,Maunath Bhanjan,District Summary,897.3,171624.0,171624.0,0.0,171624.0,50952.21,4648.05,46304.16,6574.68,6.8,23423.96,30005.44,64.8,7033.82,15839.58,,
Uttar Pradesh,Meerut,District Summary,856.89,281049.0,281049.0,0.0,281049.0,85963.41,6906.86,79056.55,9675.41,2220.4,49705.97,61601.78,77.9,9951.4,19303.09,,
Uttar Pradesh,Mirzapur,District Summary,988.15,295437.0,295437.0,156648.0,452085.0,62093.24,5687.03,56406.21,6978.19,117.7,28109.66,35205.55,62.42,7534.69,20644.16,,
Uttar Pradesh,Moradabad,District Summary,902.59,224944.0,224944.0,0.0,224944.0,71003.63,6778.6,64225.03,10363.99,1060.88,43541.24,54966.12,85.58,11213.74,12227.21,,
Uttar Pradesh,Muzaffarnagar,District Summary,869.1,275666.0,275666.0,0.0,275666.0,110982.72,8604.33,102378.38,6813.6,2608.92,70987.68,80410.16,78.55,7242.55,22877.1,,
Uttar Pradesh,Pilibhit,District Summary,1223.05,336959.0,336959.0,0.0,336959.0,113031.48,9896.62,103134.87,5538.76,465.81,58531.46,64536.02,62.56,5912.62,38224.98,,
Uttar Pradesh,Pratapgarh,District Summary,837.75,371743.0,371743.0,0.0,371743.0,142629.54,12641.6,129987.95,8389.67,20.76,91157.06,99567.48,76.6,8792.11,30018.03,,
Uttar Pradesh,Prayagraj,District Summary,843.09,499630.0,499630.0,47370.0,547000.0,142926.0,13873.44,129052.56,16878.89,1680.1,75705.96,94264.96,73.04,19425.78,34813.96,,
Uttar Pradesh,Raibareli,District Summary,748.3,392458.0,392458.0,0.0,392458.0,125414.88,9701.08,115713.8,7290.04,72.63,60181.98,67544.66,58.36,8632.7,46826.48,,
Uttar Pradesh,Rampur,District Summary,1051.61,229790.0,229790.0,0.0,229790.0,82332.4,7535.84,74796.55,5324.3,697.34,47107.01,53128.65,71.04,5579.04,21413.16,,
Uttar Pradesh,Saharanpur,District Summary,1102.65,368941.0,368941.0,0.0,368941.0,146960.09,10925.33,136034.76,7433.64,1524.96,122607.02,131565.64,96.72,7811.48,21244.36,,
Uttar Pradesh,Sambhal,District Summary,784.54,241520.0,241520.0,0.0,241520.0,47826.9,3808.98,44017.92,5897.96,1745.39,30737.46,38380.82,87.2,7145.39,4597.47,,
Uttar Pradesh,Sant Kabir Nagar,District Summary,1253.92,164699.0,164699.0,0.0,164699.0,54024.08,5402.42,48621.66,4428.67,204.98,24740.88,29374.5,60.41,5153.78,18522.05,,
Uttar Pradesh,Sant Ravidas Nagar,District Summary,949.6,98305.0,98305.0,3195.0,101500.0,87785.51,8629.38,79156.13,3544.34,311.32,57155.3,61010.96,77.08,3941.74,17747.77,,
Uttar Pradesh,Shahjahanpur,District Summary,898.18,458131.0,458131.0,0.0,458131.0,133433.16,10971.6,122461.55,8615.38,1847.08,66991.02,77453.46,63.24,9240.15,44383.32,,
Uttar Pradesh,Shamli,District Summary,869.1,136126.0,136126.0,0.0,136126.0,47328.44,3508.2,43820.25,3045.94,212.74,40957.06,44215.74,100.9,3110.43,1342.32,,
Uttar Pradesh,Shrawasti,District Summary,1184.51,185782.0,185782.0,0.0,185782.0,58647.84,5522.8,53125.05,3346.4,0.0,27368.62,30715.02,57.81,3632.46,22123.97,,
Uttar Pradesh,Siddharth Nagar,District Summary,1158.57,289503.0,289503.0,0.0,289503.0,96170.32,8287.24,87883.08,7585.17,2.8,48742.78,56330.77,64.1,8320.36,30817.12,,
Uttar Pradesh,Sitapur,District Summary,991.26,574695.0,574695.0,0.0,574695.0,208023.86,18261.78,189762.08,11575.31,593.81,97352.06,109521.18,57.71,12535.41,79280.8,,
Uttar Pradesh,Sonbhadra,District Summary,973.09,241458.89,241458.89,439498.63,680957.52,58686.82,5688.44,52998.37,4442.54,535.41,21534.68,26512.63,50.04,5420.4,25507.89,,
Uttar Pradesh,Sultanpur,District Summary,887.59,265381.0,265381.0,0.0,265381.0,94813.18,9281.48,85531.7,6317.76,2.94,46681.06,53001.78,61.96,7233.62,31614.07,,
Uttar Pradesh,Unnao,District Summary,765.68,460234.0,460234.0,0.0,460234.0,175843.37,16286.4,159556.97,8860.26,1027.45,88131.8,98019.5,61.43,10620.31,59777.4,,
Uttar Pradesh,Varanasi,District Summary,925.78,160532.0,160532.0,0.0,160532.0,52019.44,4935.3,47084.13,10735.05,247.71,30816.32,41799.06,88.77,11116.01,8238.48,,
Uttarakhand,Dehradun,District Summary,2183.6,140841.68,140841.68,46651.07,187492.75,56695.63,5669.56,51026.07,7992.59,712.07,11711.99,20416.65,40.01,8960.32,29641.69,,
Uttarakhand,Haridwar,District Summary,1020.0,159432.38,159432.38,69877.49,229309.87,47416.92,3926.7,43490.22,2543.26,3592.13,22359.84,28495.24,65.53,7590.5,11803.85,,
Uttarakhand,Nainital,District Summary,1711.0,62524.0,62524.0,174023.43,236547.43,29468.66,2946.86,26521.79,3983.56,2041.08,8060.14,14084.78,53.13,4559.62,11860.96,,
Uttarakhand,Udhamsingh Nagar,District Summary,1465.3,267065.99,267065.99,0.0,267065.99,79601.42,4835.99,74765.43,3219.94,6612.59,32366.87,42199.4,56.44,8209.54,27576.44,,
West Bengal,Alipurduar,District Summary,3468.3,0.0,237597.0,0.0,237597.0,129084.49,12908.47,116176.02,3434.94,163.89,9366.1,12964.94,11.16,4226.41,102419.62,,
West Bengal,Bankura,District Summary,1331.85,282638.0,688001.0,0.0,688001.0,159979.54,13365.14,146614.39,8754.69,397.4,50234.5,59386.54,40.51,9615.77,87864.04,,
West Bengal,Birbhum,District Summary,1392.8,382688.0,454809.0,0.0,454809.0,113273.9,9253.17,104020.74,8584.98,1323.26,24501.5,34409.74,33.08,9889.9,68306.08,,
West Bengal,Dakshin Dinajpur,District Summary,1584.9,0.0,224036.0,0.0,224036.0,113682.83,11131.33,102551.5,3963.41,183.62,58067.8,62214.84,60.66,4310.96,39989.1,,
West Bengal,Darjiling,District Summary,3118.5,4570.0,108472.0,114759.0,223231.0,42733.94,4273.4,38460.53,1978.5,733.5,2132.7,4844.68,12.57,2327.24,33267.11,,
West Bengal,Haora,District Summary,1600.0,14185.0,132355.0,0.0,132355.0,22765.32,1708.68,21056.64,2689.52,377.1,1248.0,4314.63,20.49,3858.69,15906.87,,
West Bengal,Hugli,District Summary,1476.1,185330.0,300371.0,0.0,300371.0,129528.82,12138.68,117390.14,10591.7,2040.32,50482.35,63114.36,53.76,12215.94,53205.84,,
West Bengal,Jalpaiguri,District Summary,3468.3,19391.0,340219.0,0.0,340219.0,188368.54,18836.85,169531.68,6463.7,1308.03,12700.5,20472.23,12.08,13566.18,141956.97,,
West Bengal,Jhargram,District Summary,1535.5,172784.0,302060.0,0.0,302060.0,101879.24,8017.56,93861.67,2836.22,194.79,20429.6,23460.62,25.0,3118.18,70119.1,,
West Bengal,Kalimpong,District Summary,3118.5,0.0,21071.0,84289.0,105360.0,4003.56,400.36,3603.2,62.46,2.46,0.0,64.92,1.8,63.28,3537.46,,
West Bengal,Koch Bihar,District Summary,3285.2,0.0,339637.0,0.0,339637.0,207264.04,20726.4,186537.64,7004.06,101.35,79018.8,86124.2,46.17,7997.22,99420.28,,
West Bengal,Kolkatta,District Summary,1623.6,0.0,18700.0,0.0,18700.0,0.0,0.0,0.0,0.0,0.0,0.0,0.0,0.0,0.0,0.0,,
West Bengal,Malda,District Summary,1448.45,0.0,323886.0,0.0,323886.0,117837.87,10860.52,106977.36,9166.99,319.48,27805.5,37291.98,34.86,11691.06,67161.3,,
West Bengal,Murshidabad,District Summary,1433.2,197437.0,513338.0,0.0,513338.0,196098.14,15157.8,180940.34,16289.08,408.66,90904.8,107602.52,59.47,113917.96,69140.43,,
West Bengal,Nadia,District Summary,1443.8,0.0,385529.5,0.0,385529.5,192455.19,17818.72,174636.48,10113.64,477.11,135236.0,145826.73,83.52,12111.5,26811.88,,
West Bengal,North 24 Parganas,District Summary,1623.6,0.0,387233.0,0.0,387233.0,152305.79,11662.23,140643.56,12467.02,2176.76,83815.2,98458.98,70.01,15706.12,40722.66,,
West Bengal,Paschim Barddhaman,District Summary,1348.2,15440.0,159165.0,0.0,159165.0,24525.52,2243.2,22282.32,4973.41,3965.27,2602.84,11541.5,51.83,5953.75,10216.92,,
West Bengal,Paschim Medinipur,District Summary,1535.5,157929.5,631677.0,0.0,631677.0,241041.25,22452.22,218589.03,11923.26,1254.27,103186.4,116363.92,53.24,13349.63,101006.25,,
West Bengal,Purba Barddhaman,District Summary,1348.2,460666.0,543269.0,0.0,543269.0,203520.74,18457.48,185063.26,11423.06,966.36,83940.2,96329.62,52.06,12702.42,88964.82,,
West Bengal,Purba Medinipur,District Summary,1669.6,0.0,380995.0,0.0,380995.0,67092.85,6709.29,60383.56,4872.65,19.38,17103.2,21995.26,36.42,6013.46,37247.51,,
West Bengal,Puruliya,District Summary,1363.3,0.0,619313.0,0.0,619313.0,58812.07,5811.68,53000.39,7273.0,138.76,2001.2,9412.96,17.76,8511.3,42349.12,,
West Bengal,South 24 Parganas,District Summary,1623.6,0.0,551301.0,0.0,551301.0,0.0,0.0,0.0,0.0,0.0,0.0,0.0,0.0,0.0,0.0,,
West Bengal,Uttar Dinajpur,District Summary,1917.35,18645.0,319283.0,0.0,319283.0,120936.58,10323.8,110612.78,8205.17,577.55,43425.1,52207.84,47.2,10023.26,56586.87,,
